gene_id	genome	tier	pident	gene_len	gtdb_phylum	gtdb_genus	ecosystem_type	synthase_class	mean_plddt	nucleophile	triad_tight	nuc_his_dist_A	his_asp_dist_A	triad_min_plddt	best_reference	alntmscore	qtmscore	ttmscore	qcov_struct	tcov_struct	verdict
ACIN21-1_SAMN05421901_MAG_00000001-scaffold_424_3	ACIN21-1_SAMN05421901_MAG_00000001	A	74.4	343	Pseudomonadota	Alteriqipengyuania	Marine	III							A0A2S2KSF1	9.259E-01	8.529E-01	8.272E-01	0.983	0.893	complete synthase fold (active site not measured)
ACIN21-1_SAMN05422136_MAG_00000039-scaffold_62_4	ACIN21-1_SAMN05422136_MAG_00000039	A	89.3	412	Pseudomonadota	Qipengyuania	Marine	III							A0A9W6L6I6	9.152E-01	7.734E-01	7.574E-01	0.900	0.824	complete synthase fold (active site not measured)
ACIN21-1_SAMN05422166_MAG_00000041-scaffold_11_14	ACIN21-1_SAMN05422166_MAG_00000041	A	72.2	435	Pseudomonadota	Alteriqipengyuania	Marine	III							A0ABU2DYI9	9.137E-01	7.219E-01	8.364E-01	0.862	0.914	complete synthase fold (active site not measured)
ALNE18-1_SAMEA104408597_MAG_00000017-scaffold_45_1	ALNE18-1_SAMEA104408597_MAG_00000017	D	70.5	440	Pseudomonadota	UBA10365	Marine	III							A0A1Y2MK30	9.056E-01	7.273E-01	7.087E-01	0.861	0.777	complete synthase fold (active site not measured)
ALNE18-1_SAMEA104408599_MAG_00000104-scaffold_14_9	ALNE18-1_SAMEA104408599_MAG_00000104	A	63.0	425	Pseudomonadota	UBA2463	Marine	III							A0ABU2DYI9	9.159E-01	7.394E-01	8.381E-01	0.899	0.914	complete synthase fold (active site not measured)
ALNE18-1_SAMEA104408610_MAG_00000012-scaffold_87_1	ALNE18-1_SAMEA104408610_MAG_00000012	A	57.3	456	Pseudomonadota	Limnohabitans	Marine	none							A0ABU2DYI9	9.069E-01	6.855E-01	8.305E-01	0.844	0.914	complete synthase fold (active site not measured)
ALNE18-1_SAMEA104408693_MAG_00000014-scaffold_45_7	ALNE18-1_SAMEA104408693_MAG_00000014	A	54.5	417	Pseudomonadota	NORP23	Marine	III							A0ABU2DYI9	9.075E-01	7.471E-01	8.310E-01	0.902	0.914	complete synthase fold (active site not measured)
ALNE20-1_SAMEA6236691_MAG_00000039-scaffold_74_2	ALNE20-1_SAMEA6236691_MAG_00000039	A	60.7	445	Pseudomonadota	RS62	Marine	none							A0ABU2DYI9	9.080E-01	7.006E-01	8.291E-01	0.863	0.912	complete synthase fold (active site not measured)
ALNE20-1_SAMEA6236694_MAG_00000014-scaffold_316_2	ALNE20-1_SAMEA6236694_MAG_00000014	A	61.0	445	Pseudomonadota	RS62	Marine	none							A0ABU2DYI9	9.078E-01	7.005E-01	8.290E-01	0.863	0.912	complete synthase fold (active site not measured)
ALNE20-1_SAMEA6236712_MAG_00000068-scaffold_22_7	ALNE20-1_SAMEA6236712_MAG_00000068	A	62.1	402	Pseudomonadota	UBA2463	Marine	III							A0ABU2DYI9	9.135E-01	7.782E-01	8.361E-01	0.905	0.914	complete synthase fold (active site not measured)
ALNE20-1_SAMEA6236712_MAG_00000071-scaffold_267_2	ALNE20-1_SAMEA6236712_MAG_00000071	A	61.0	445	Pseudomonadota	RS62	Marine	none							A0ABU2DYI9	9.083E-01	7.008E-01	8.294E-01	0.863	0.912	complete synthase fold (active site not measured)
ALNE20-1_SAMEA6236717_MAG_00000026-scaffold_331_1	ALNE20-1_SAMEA6236717_MAG_00000026	A	60.6	497	Pseudomonadota	RS62	Marine	none							A0ABU2DYI9	9.066E-01	6.311E-01	8.302E-01	0.775	0.914	complete synthase fold (active site not measured)
ALNE20-1_SAMEA6236724_MAG_00000009-scaffold_440_1	ALNE20-1_SAMEA6236724_MAG_00000009	A	73.3	401	Pseudomonadota	JANSYC01	Marine	III							A0ABU2DYI9	9.223E-01	7.871E-01	8.439E-01	0.923	0.914	complete synthase fold (active site not measured)
ALNE20-1_SAMEA6236725_MAG_00000038-scaffold_339_1	ALNE20-1_SAMEA6236725_MAG_00000038	E	64.4	472	Pseudomonadota	Limnohabitans_A	Marine	none							A0A5C0SE92	9.128E-01	6.206E-01	8.143E-01	0.735	0.890	complete synthase fold (active site not measured)
ANDE17-1_SAMEA4470839_MAG_00000003-scaffold_153_1	ANDE17-1_SAMEA4470839_MAG_00000003	D	73.4	422	Pseudomonadota	Gymnodinialimonas	Marine	III							A0ABU2DYI9	9.037E-01	7.383E-01	8.302E-01	0.886	0.917	complete synthase fold (active site not measured)
ATLA15-1_SAMN03981642-S001_MAG_00000008-scaffold_78_6	ATLA15-1_SAMN03981642-S001_MAG_00000008	E	26.5	556	Desulfobacterota	JARRKU01	Marine	III							A0A3M8DWE4	8.996E-01	5.657E-01	8.971E-01	0.865	1.000	complete synthase fold (active site not measured)
ATLA15-1_SAMN03981653-S001_MAG_00000007-scaffold_338_1	ATLA15-1_SAMN03981653-S001_MAG_00000007	D	72.6	300	Pseudomonadota	DAHVFK01	Marine	III							A0A0K8MDT7	9.267E-01	8.819E-01	7.016E-01	1.000	0.753	complete synthase fold (active site not measured)
BAEC19-1_SAMN10404973_MAG_00000574-scaffold_15_9	BAEC19-1_SAMN10404973_MAG_00000574	D	65.4	454	Pseudomonadota	UBA2767	Marine	III							A0ABU2DYI9	9.120E-01	6.916E-01	8.349E-01	0.835	0.914	complete synthase fold (active site not measured)
BILL18-1_SAMN07136622_MAG_00000013-scaffold_6_11	BILL18-1_SAMN07136622_MAG_00000013	A	55.8	407	Pseudomonadota	Marisalimonas	Marine	III							A0A1Y2MK30	9.094E-01	7.739E-01	6.995E-01	0.912	0.763	complete synthase fold (active site not measured)
BILL18-1_SAMN07136698_MAG_00000023-scaffold_183_1	BILL18-1_SAMN07136698_MAG_00000023	A	67.4	409	Pseudomonadota	Salinivivens	Marine	III							A0A1Y2MK30	9.100E-01	7.728E-01	7.018E-01	0.914	0.765	complete synthase fold (active site not measured)
BILL18-1_SAMN07136699_MAG_00000001-scaffold_85_1	BILL18-1_SAMN07136699_MAG_00000001	D	66.8	297	Pseudomonadota	Salinivivens	Marine	III							A0A1Y2MK30	9.055E-01	8.705E-01	5.809E-01	1.000	0.633	synthase fold, partial coverage of reference
BILL18-1_SAMN07136790_MAG_00000025-scaffold_11_1	BILL18-1_SAMN07136790_MAG_00000025	A	67.6	409	Pseudomonadota	Salinivivens	Marine	III							A0A1Y2MK30	9.099E-01	7.727E-01	7.018E-01	0.914	0.765	complete synthase fold (active site not measured)
BILL18-1_SAMN07136935_MAG_00000017-scaffold_26_2	BILL18-1_SAMN07136935_MAG_00000017	A	64.7	409	Pseudomonadota	Salinivivens	Marine	III							A0A1Y2MK30	9.011E-01	7.660E-01	6.961E-01	0.914	0.765	complete synthase fold (active site not measured)
BOEU19-1_SAMN09765674_MAG_00000029-scaffold_76_2	BOEU19-1_SAMN09765674_MAG_00000029	D	79.7	424	Pseudomonadota	Epibacterium	Marine	III							A0ABU2DYI9	9.009E-01	7.308E-01	8.253E-01	0.880	0.914	complete synthase fold (active site not measured)
BOEU19-1_SAMN09765683_MAG_00000003-scaffold_468_2	BOEU19-1_SAMN09765683_MAG_00000003	A	65.7	438	Pseudomonadota	Parvularcula	Marine	III							A0ABU2DYI9	9.094E-01	7.140E-01	8.326E-01	0.863	0.914	complete synthase fold (active site not measured)
BOEU19-1_SAMN09765709_MAG_00000025-scaffold_75_4	BOEU19-1_SAMN09765709_MAG_00000025	D	78.5	379	Pseudomonadota	JABSSC01	Marine	III							A0ABU2DYI9	9.083E-01	8.056E-01	8.179E-01	0.968	0.898	complete synthase fold (active site not measured)
BPAM22-1_SAMN07449447_MAG_00000060-scaffold_168_1	BPAM22-1_SAMN07449447_MAG_00000060	D	75.9	423	Pseudomonadota	Tateyamaria	Marine	III							A0ABU2DYI9	9.024E-01	7.362E-01	8.294E-01	0.884	0.917	complete synthase fold (active site not measured)
BPAM22-1_SAMN07449459_MAG_00000030-scaffold_104_1	BPAM22-1_SAMN07449459_MAG_00000030	A	98.5	408	Pseudomonadota	Salinivivens	Marine	III							A0A1Y2MK30	9.087E-01	7.715E-01	6.990E-01	0.914	0.763	complete synthase fold (active site not measured)
BPAM22-1_SAMN07452617_MAG_00000079-scaffold_102_3	BPAM22-1_SAMN07452617_MAG_00000079	A	98.0	408	Pseudomonadota	Salinivivens	Marine	III							A0A1Y2MK30	9.076E-01	7.706E-01	6.983E-01	0.914	0.763	complete synthase fold (active site not measured)
BPAM22-1_SAMN07452647_MAG_00000026-scaffold_163_3	BPAM22-1_SAMN07452647_MAG_00000026	A	98.7	408	Pseudomonadota	Salinivivens	Marine	III							A0A1Y2MK30	9.090E-01	7.717E-01	6.992E-01	0.914	0.763	complete synthase fold (active site not measured)
BPAM22-1_SAMN07482710_MAG_00000021-scaffold_222_1	BPAM22-1_SAMN07482710_MAG_00000021	A	98.7	408	Pseudomonadota	Salinivivens	Marine	III							A0A1Y2MK30	9.090E-01	7.717E-01	6.992E-01	0.914	0.763	complete synthase fold (active site not measured)
BPAM22-1_SAMN07482874_MAG_00000031-scaffold_103_7	BPAM22-1_SAMN07482874_MAG_00000031	D	69.3	301	Pseudomonadota	Salinivivens	Marine	III							A0A0K8MDT7	9.168E-01	8.731E-01	6.978E-01	1.000	0.755	complete synthase fold (active site not measured)
BPAM22-1_SAMN07482889_MAG_00000028-scaffold_22_1	BPAM22-1_SAMN07482889_MAG_00000028	A	98.5	408	Pseudomonadota	Salinivivens	Marine	III							A0A1Y2MK30	9.097E-01	7.723E-01	6.997E-01	0.914	0.763	complete synthase fold (active site not measured)
BPAM22-1_SAMN07482946_MAG_00000026-scaffold_7_4	BPAM22-1_SAMN07482946_MAG_00000026	A	68.6	409	Pseudomonadota	Salinivivens	Marine	III							A0A1Y2MK30	9.092E-01	7.722E-01	7.013E-01	0.914	0.765	complete synthase fold (active site not measured)
BPAM22-1_SAMN07482955_MAG_00000094-scaffold_21_11	BPAM22-1_SAMN07482955_MAG_00000094	A	98.5	408	Pseudomonadota	Salinivivens	Marine	III							A0A1Y2MK30	9.097E-01	7.723E-01	6.997E-01	0.914	0.763	complete synthase fold (active site not measured)
BPAM22-1_SAMN07483179_MAG_00000060-scaffold_33_11	BPAM22-1_SAMN07483179_MAG_00000060	A	98.7	408	Pseudomonadota	Salinivivens	Marine	III							A0A1Y2MK30	9.090E-01	7.717E-01	6.992E-01	0.914	0.763	complete synthase fold (active site not measured)
BPAM22-1_SAMN07483222_MAG_00000021-scaffold_5_2	BPAM22-1_SAMN07483222_MAG_00000021	A	80.8	412	Pseudomonadota	Qipengyuania	Marine	III							A0A1Y2MK30	9.160E-01	7.762E-01	7.096E-01	0.900	0.770	complete synthase fold (active site not measured)
BPAM22-1_SAMN07483329_MAG_00000043-scaffold_2_66	BPAM22-1_SAMN07483329_MAG_00000043	A	81.0	412	Pseudomonadota	Qipengyuania	Marine	III							A0A1Y2MK30	9.151E-01	7.757E-01	7.093E-01	0.900	0.770	complete synthase fold (active site not measured)
BPAM22-1_SAMN07483455_MAG_00000044-scaffold_327_1	BPAM22-1_SAMN07483455_MAG_00000044	D	64.2	236	Pseudomonadota	Salinivivens	Marine	III							A0A081RQ39	9.296E-01	8.356E-01	5.661E-01	1.000	0.599	synthase fold, partial coverage of reference
BPAM22-1_SAMN07483526_MAG_00000114-scaffold_5_1	BPAM22-1_SAMN07483526_MAG_00000114	D	69.3	301	Pseudomonadota	Salinivivens	Marine	III							A0A0K8MDT7	9.159E-01	8.722E-01	6.972E-01	1.000	0.755	complete synthase fold (active site not measured)
BPAM22-1_SAMN07483570_MAG_00000014-scaffold_17_1	BPAM22-1_SAMN07483570_MAG_00000014	A	98.5	408	Pseudomonadota	Salinivivens	Marine	III							A0A1Y2MK30	9.097E-01	7.723E-01	6.997E-01	0.914	0.763	complete synthase fold (active site not measured)
BPAM22-1_SAMN07483589_MAG_00000072-scaffold_142_5	BPAM22-1_SAMN07483589_MAG_00000072	D	75.9	420	Pseudomonadota	JAKVBK01	Marine	III							A0ABU2DYI9	9.068E-01	7.419E-01	8.306E-01	0.888	0.914	complete synthase fold (active site not measured)
BPAM22-1_SAMN07483611_MAG_00000021-scaffold_170_1	BPAM22-1_SAMN07483611_MAG_00000021	A	78.4	411	Pseudomonadota	Herbaspirillum	Marine	III							A0ABU2DYI9	9.094E-01	7.588E-01	8.326E-01	0.912	0.914	complete synthase fold (active site not measured)
BPAM22-1_SAMN07483611_MAG_00000021-scaffold_547_2	BPAM22-1_SAMN07483611_MAG_00000021	A	61.2	408	Pseudomonadota	Herbaspirillum	Marine	III							A0ABU2DYI9	9.101E-01	7.646E-01	8.331E-01	0.904	0.914	complete synthase fold (active site not measured)
BPAM22-1_SAMN07483612_MAG_00000038-scaffold_54_3	BPAM22-1_SAMN07483612_MAG_00000038	A	78.4	411	Pseudomonadota	Herbaspirillum	Marine	III							A0ABU2DYI9	9.094E-01	7.588E-01	8.326E-01	0.912	0.914	complete synthase fold (active site not measured)
BPAM22-1_SAMN07483612_MAG_00000038-scaffold_630_1	BPAM22-1_SAMN07483612_MAG_00000038	D	66.5	244	Pseudomonadota	Herbaspirillum	Marine	III							A0A1Y2MK30	9.304E-01	8.824E-01	4.840E-01	1.000	0.513	synthase fold, partial coverage of reference
BPAM22-1_SAMN08953160_MAG_00000032-scaffold_196_1	BPAM22-1_SAMN08953160_MAG_00000032	A	98.5	408	Pseudomonadota	Salinivivens	Marine	III							A0A1Y2MK30	9.097E-01	7.723E-01	6.997E-01	0.914	0.763	complete synthase fold (active site not measured)
BPAM22-1_SAMN08953217_MAG_00000014-scaffold_504_1	BPAM22-1_SAMN08953217_MAG_00000014	A	82.9	416	Pseudomonadota	UBA6544	Marine	III							A0ABU2DYI9	9.230E-01	7.602E-01	8.444E-01	0.892	0.914	complete synthase fold (active site not measured)
BPAM22-1_SAMN08954253_MAG_00000098-scaffold_185_2	BPAM22-1_SAMN08954253_MAG_00000098	D	75.3	422	Pseudomonadota	JABSSA01	Marine	III							A0A9W6L6I6	8.873E-01	7.373E-01	7.390E-01	0.893	0.827	complete synthase fold (active site not measured)
BPAM22-1_SAMN08954304_MAG_00000012-scaffold_541_1	BPAM22-1_SAMN08954304_MAG_00000012	A	65.2	438	Pseudomonadota	JACESI01	Marine	III							A0ABU2DYI9	9.117E-01	7.155E-01	8.345E-01	0.861	0.914	complete synthase fold (active site not measured)
BPAM22-1_SAMN08954325_MAG_00000031-scaffold_24_10	BPAM22-1_SAMN08954325_MAG_00000031	A	66.4	436	Pseudomonadota	JACESI01	Marine	III							A0ABU2DYI9	9.112E-01	7.185E-01	8.342E-01	0.867	0.914	complete synthase fold (active site not measured)
BRAK15-1_SAMN03392602_MAG_00000001-scaffold_273_1	BRAK15-1_SAMN03392602_MAG_00000001	A	83.4	406	Pseudomonadota	Oleispira	Synthetic	III							A0ABU2DYI9	9.160E-01	7.729E-01	8.383E-01	0.914	0.914	complete synthase fold (active site not measured)
BRAK15-1_SAMN03392602_MAG_00000001-scaffold_284_1	BRAK15-1_SAMN03392602_MAG_00000001	A	83.4	406	Pseudomonadota	Oleispira	Synthetic	III							A0ABU2DYI9	9.154E-01	7.725E-01	8.379E-01	0.914	0.914	complete synthase fold (active site not measured)
CAOS20-1_SAMN13674977-S002_MAG_00000084-scaffold_204_1	CAOS20-1_SAMN13674977-S002_MAG_00000084	D	74.6	424	Pseudomonadota	CPC320	Marine	III							A0A1Y2MK30	9.035E-01	7.521E-01	7.073E-01	0.894	0.777	complete synthase fold (active site not measured)
CAOS20-1_SAMN13674977-S008_MAG_00000021-scaffold_1106_1	CAOS20-1_SAMN13674977-S008_MAG_00000021	A	85.4	411	Pseudomonadota	Telluria	Marine	III							A0ABU2DYI9	9.182E-01	7.654E-01	8.402E-01	0.915	0.914	complete synthase fold (active site not measured)
CAOS20-1_SAMN13674977-S010_MAG_00000039-scaffold_294_2	CAOS20-1_SAMN13674977-S010_MAG_00000039	E	60.6	569	Pseudomonadota	Hydrogenophaga	Marine	none							A0ABU2DYI9	9.126E-01	5.566E-01	8.354E-01	0.675	0.914	complete synthase fold (active site not measured)
CAOS20-1_SAMN13674977-S010_MAG_00000039-scaffold_299_4	CAOS20-1_SAMN13674977-S010_MAG_00000039	A	75.9	405	Pseudomonadota	Hydrogenophaga	Marine	none							A0A1Y2MK30	9.066E-01	7.797E-01	7.016E-01	0.923	0.768	complete synthase fold (active site not measured)
CAOS20-1_SAMN13674978-S002_MAG_00000014-scaffold_218_3	CAOS20-1_SAMN13674978-S002_MAG_00000014	A	96.7	406	Pseudomonadota	Qipengyuania	Marine	III							A0A1Y2MK30	9.162E-01	7.853E-01	7.078E-01	0.911	0.768	complete synthase fold (active site not measured)
CAOS20-1_SAMN13674978-S004_MAG_00000026-scaffold_104_5	CAOS20-1_SAMN13674978-S004_MAG_00000026	D	77.6	425	Pseudomonadota	Octadecabacter	Marine	III							A0ABU2DYI9	9.010E-01	7.293E-01	8.255E-01	0.878	0.914	complete synthase fold (active site not measured)
CAOS20-1_SAMN13674978-S006_MAG_00000061-scaffold_54_2	CAOS20-1_SAMN13674978-S006_MAG_00000061	A	81.6	416	Pseudomonadota	Parvibaculum	Marine	III							A0ABU2DYI9	9.081E-01	7.491E-01	8.314E-01	0.901	0.914	complete synthase fold (active site not measured)
CAOS20-1_SAMN13674978-S008_MAG_00000050-scaffold_117_2	CAOS20-1_SAMN13674978-S008_MAG_00000050	A	81.1	416	Pseudomonadota	Parvibaculum	Marine	III							A0ABU2DYI9	9.078E-01	7.489E-01	8.312E-01	0.899	0.914	complete synthase fold (active site not measured)
CAOS20-1_SAMN13674978-S008_MAG_00000087-scaffold_30_3	CAOS20-1_SAMN13674978-S008_MAG_00000087	A	97.1	423	Pseudomonadota	Phenylobacterium	Marine	III							A0ABU2DYI9	9.092E-01	7.381E-01	8.324E-01	0.891	0.914	complete synthase fold (active site not measured)
CAOS20-1_SAMN13674978-S010_MAG_00000115-scaffold_62_2	CAOS20-1_SAMN13674978-S010_MAG_00000115	A	81.1	416	Pseudomonadota	Parvibaculum	Marine	III							A0ABU2DYI9	9.081E-01	7.492E-01	8.315E-01	0.899	0.914	complete synthase fold (active site not measured)
CAOS20-1_SAMN13674978-S011_MAG_00000128-scaffold_248_3	CAOS20-1_SAMN13674978-S011_MAG_00000128	A	78.6	411	Pseudomonadota	Parvibaculum	Marine	III							A0ABU2DYI9	9.049E-01	7.552E-01	8.285E-01	0.910	0.914	complete synthase fold (active site not measured)
CAOS20-1_SAMN13674978-S037_MAG_00000034-scaffold_68_2	CAOS20-1_SAMN13674978-S037_MAG_00000034	A	61.7	418	Pseudomonadota	VMCJ01	Marine	III							A0ABU2DYI9	9.097E-01	7.468E-01	8.328E-01	0.902	0.914	complete synthase fold (active site not measured)
CAST23-1_SAMN19118217_MAG_00000014-scaffold_332_2	CAST23-1_SAMN19118217_MAG_00000014	D	76.4	421	Pseudomonadota	Thalassobium	Marine	III							A0ABU2DYI9	9.076E-01	7.429E-01	8.336E-01	0.888	0.917	complete synthase fold (active site not measured)
CAST23-1_SAMN19118218_MAG_00000008-scaffold_200_3	CAST23-1_SAMN19118218_MAG_00000008	D	73.9	419	Pseudomonadota	Planktomarina	Marine	I							A0ABU2DYI9	9.049E-01	7.422E-01	8.289E-01	0.890	0.914	complete synthase fold (active site not measured)
CAST23-1_SAMN19118242_MAG_00000024-scaffold_112_4	CAST23-1_SAMN19118242_MAG_00000024	D	73.9	419	Pseudomonadota	Planktomarina	Marine	I							A0ABU2DYI9	9.065E-01	7.434E-01	8.303E-01	0.890	0.914	complete synthase fold (active site not measured)
CAST23-1_SAMN19118245_MAG_00000031-scaffold_139_1	CAST23-1_SAMN19118245_MAG_00000031	D	77.1	288	Pseudomonadota	Thalassobium	Marine	III							A0A0K8MDT7	9.268E-01	8.256E-01	6.333E-01	0.962	0.674	synthase fold, partial coverage of reference
CAST23-1_SAMN19118257_MAG_00000042-scaffold_151_5	CAST23-1_SAMN19118257_MAG_00000042	D	73.9	419	Pseudomonadota	Planktomarina	Marine	I							A0ABU2DYI9	9.065E-01	7.434E-01	8.303E-01	0.890	0.914	complete synthase fold (active site not measured)
CAST23-1_SAMN19118266_MAG_00000047-scaffold_510_2	CAST23-1_SAMN19118266_MAG_00000047	D	70.4	421	Pseudomonadota	HTCC2150	Marine	III							A0A1Y2MK30	9.068E-01	7.576E-01	7.076E-01	0.898	0.774	complete synthase fold (active site not measured)
CAST23-1_SAMN19118300_MAG_00000032-scaffold_13_15	CAST23-1_SAMN19118300_MAG_00000032	A	64.7	409	Pseudomonadota	Salinivivens	Marine	III							A0A1Y2MK30	9.105E-01	7.733E-01	7.022E-01	0.914	0.765	complete synthase fold (active site not measured)
CAST23-1_SAMN19118308_MAG_00000045-scaffold_32_14	CAST23-1_SAMN19118308_MAG_00000045	A	64.7	409	Pseudomonadota	Salinivivens	Marine	III							A0A1Y2MK30	9.105E-01	7.732E-01	7.022E-01	0.914	0.765	complete synthase fold (active site not measured)
COEL20-1_SAMN07406952_MAG_00000002-scaffold_284_1	COEL20-1_SAMN07406952_MAG_00000002	D	74.3	409	Pseudomonadota	LFER01	Marine	III							A0A1Y2MK30	9.043E-01	7.685E-01	6.982E-01	0.914	0.765	complete synthase fold (active site not measured)
COLA18-1_SAMN06267287_MAG_00000054-scaffold_15_1	COLA18-1_SAMN06267287_MAG_00000054	A	64.1	411	Pseudomonadota	UBA11873	Marine	III							A0ABU2DYI9	9.012E-01	7.525E-01	8.254E-01	0.910	0.914	complete synthase fold (active site not measured)
COLL22-1_SAMN16929945_MAG_00000055-scaffold_192_1	COLL22-1_SAMN16929945_MAG_00000055	A	62.1	450	Pseudomonadota	RS62	Marine	none							A0ABU2DYI9	8.888E-01	6.745E-01	7.988E-01	0.848	0.895	complete synthase fold (active site not measured)
COLL22-1_SAMN16929952_MAG_00000002-scaffold_88_3	COLL22-1_SAMN16929952_MAG_00000002	E	64.7	349	Pseudomonadota	RS62	Marine	none							A0A437S4S5	8.710E-01	6.336E-01	6.235E-01	0.779	0.701	synthase fold, partial coverage of reference
COLL22-1_SAMN16929989_MAG_00000021-scaffold_56_4	COLL22-1_SAMN16929989_MAG_00000021	D	64.0	425	Pseudomonadota	Methyloceanibacter	Marine	III							A0ABU2DYI9	9.130E-01	7.375E-01	8.357E-01	0.882	0.914	complete synthase fold (active site not measured)
COLL22-1_SAMN16930204_MAG_00000003-scaffold_94_2	COLL22-1_SAMN16930204_MAG_00000003	D	63.5	425	Pseudomonadota	Methyloceanibacter	Marine	III							A0ABU2DYI9	9.144E-01	7.385E-01	8.369E-01	0.882	0.914	complete synthase fold (active site not measured)
COUT21-1_SAMEA5700198_MAG_00000004-scaffold_318_1	COUT21-1_SAMEA5700198_MAG_00000004	D	80.2	424	Pseudomonadota	Thalassococcus	Marine	III							A0A0K8MDT7	9.040E-01	7.386E-01	8.201E-01	0.889	0.905	complete synthase fold (active site not measured)
DHAR22-1_SAMN20209038_MAG_00000015-scaffold_25_6	DHAR22-1_SAMN20209038_MAG_00000015	A	61.0	469	Pseudomonadota	RS62	Porifera	III							A0ABU2DYI9	9.071E-01	6.657E-01	8.284E-01	0.819	0.912	complete synthase fold (active site not measured)
DLUG22-1_SAMEA5958372_MAG_00000054-scaffold_7_7	DLUG22-1_SAMEA5958372_MAG_00000054	A	65.9	409	Pseudomonadota	Salinivivens	Marine	III							A0A1Y2MK30	9.038E-01	7.681E-01	6.978E-01	0.914	0.765	complete synthase fold (active site not measured)
DONG22-1_SAMN19687751_MAG_00000016-scaffold_579_2	DONG22-1_SAMN19687751_MAG_00000016	A	66.9	424	Pseudomonadota	JAJFHM01	Marine	III							A0ABU2DYI9	9.144E-01	7.400E-01	8.369E-01	0.882	0.914	complete synthase fold (active site not measured)
DONG22-1_SAMN19687758_MAG_00000009-scaffold_62_3	DONG22-1_SAMN19687758_MAG_00000009	A	58.9	468	Desulfobacterota	JASJAZ01	Marine	III							I3D373	9.194E-01	4.811E-01	9.158E-01	0.556	1.000	complete synthase fold (active site not measured)
DRIS22-1_SAMN24661206_MAG_00000015-scaffold_3_12	DRIS22-1_SAMN24661206_MAG_00000015	A	73.0	425	Pseudomonadota	Parvularcula	Marine	III							A0A9W6L6I6	9.108E-01	7.600E-01	7.669E-01	0.915	0.838	complete synthase fold (active site not measured)
DRIS22-1_SAMN24661238_MAG_00000001-scaffold_58_8	DRIS22-1_SAMN24661238_MAG_00000001	A	64.2	430	Pseudomonadota	Robbsia	Marine	III							A0ABU2DYI9	9.118E-01	7.283E-01	8.346E-01	0.877	0.914	complete synthase fold (active site not measured)
DRIS22-1_SAMN24661243_MAG_00000001-scaffold_401_1	DRIS22-1_SAMN24661243_MAG_00000001	A	74.7	427	Pseudomonadota	CALLCD01	Marine	III							A0ABU2DYI9	9.137E-01	7.348E-01	8.364E-01	0.890	0.914	complete synthase fold (active site not measured)
DUAR15-1_SAMN06264414_MAG_00000027-scaffold_194_2	DUAR15-1_SAMN06264414_MAG_00000027	A	73.5	441	Pseudomonadota	Palleronia	Marine	III							A0ABU2DYI9	9.037E-01	7.085E-01	8.306E-01	0.848	0.917	complete synthase fold (active site not measured)
DUAR15-1_SAMN06264750_MAG_00000004-scaffold_508_2	DUAR15-1_SAMN06264750_MAG_00000004	A	72.7	411	Pseudomonadota	Alteriqipengyuania	Marine	III							A0ABU2DYI9	9.145E-01	7.629E-01	8.371E-01	0.912	0.914	complete synthase fold (active site not measured)
DUAR15-1_SAMN06266101_MAG_00000009-scaffold_54_1	DUAR15-1_SAMN06266101_MAG_00000009	A	73.8	363	Pseudomonadota	Alteriqipengyuania	Marine	III							A0A128A448	9.247E-01	8.163E-01	8.318E-01	0.970	0.899	complete synthase fold (active site not measured)
DUAR15-1_SAMN06266140_MAG_00000042-scaffold_295_2	DUAR15-1_SAMN06266140_MAG_00000042	A	83.7	423	Pseudomonadota	Phenylobacterium	Marine	III							A0ABU2DYI9	9.069E-01	7.364E-01	8.304E-01	0.891	0.914	complete synthase fold (active site not measured)
DUAR15-1_SAMN06266143_MAG_00000032-scaffold_13_6	DUAR15-1_SAMN06266143_MAG_00000032	A	84.3	423	Pseudomonadota	Phenylobacterium	Marine	III							A0ABU2DYI9	9.075E-01	7.368E-01	8.309E-01	0.891	0.914	complete synthase fold (active site not measured)
ENGE20-1_SAMN12347686_MAG_00000017-scaffold_20_1	ENGE20-1_SAMN12347686_MAG_00000017	B	40.8	556	Pseudomonadota	Azophilus	Porifera	II							A0A813BGK3	9.766E-01	9.539E-01	4.612E-01	0.978	0.498	synthase fold, partial coverage of reference
FORT15-1_SAMEA3355526_MAG_00000070-scaffold_96_4	FORT15-1_SAMEA3355526_MAG_00000070	A	60.0	443	Pseudomonadota	RS62	Marine	III							A0ABU2DYI9	9.088E-01	7.041E-01	8.298E-01	0.867	0.912	complete synthase fold (active site not measured)
FORT15-1_SAMEA3355528_MAG_00000037-scaffold_23_11	FORT15-1_SAMEA3355528_MAG_00000037	A	60.0	443	Pseudomonadota	RS62	Marine	III							A0ABU2DYI9	9.088E-01	7.041E-01	8.298E-01	0.867	0.912	complete synthase fold (active site not measured)
FUCH17-1_SAMN05944805_MAG_00000033-scaffold_123_5	FUCH17-1_SAMN05944805_MAG_00000033	A	79.9	427	Pseudomonadota	GCA-2690215	Marine	III							A0ABU2DYI9	9.199E-01	7.391E-01	8.418E-01	0.913	0.914	complete synthase fold (active site not measured)
GIFF20-1_SAMN15311053_MAG_00000005-scaffold_43_12	GIFF20-1_SAMN15311053_MAG_00000005	A	67.4	409	Pseudomonadota	Salinivivens	Marine	III							A0A1Y2MK30	9.099E-01	7.727E-01	7.018E-01	0.914	0.765	complete synthase fold (active site not measured)
GIFF20-1_SAMN15311056_MAG_00000036-scaffold_116_1	GIFF20-1_SAMN15311056_MAG_00000036	A	67.4	409	Pseudomonadota	Salinivivens	Marine	III							A0A1Y2MK30	9.093E-01	7.723E-01	7.014E-01	0.914	0.765	complete synthase fold (active site not measured)
HABI22-1_SAMN26919641_MAG_00000013-scaffold_149_3	HABI22-1_SAMN26919641_MAG_00000013	A	84.1	405	Pseudomonadota	Marinobacter	Marine	none							A0ABU2DYI9	9.140E-01	7.710E-01	8.343E-01	0.914	0.912	complete synthase fold (active site not measured)
HARO16-1_SAMN03860281_MAG_00000004-scaffold_207_2	HARO16-1_SAMN03860281_MAG_00000004	D	78.4	298	Pseudomonadota	Sphingopyxis	Marine	III							A0A0K8MDT7	9.255E-01	8.805E-01	6.960E-01	1.000	0.747	synthase fold, partial coverage of reference
HAWL17-1_SAMN05224514_MAG_00000030-scaffold_243_2	HAWL17-1_SAMN05224514_MAG_00000030	D	69.5	423	Pseudomonadota	Tateyamaria	Marine	III							A0ABU2DYI9	9.039E-01	7.347E-01	8.280E-01	0.882	0.914	complete synthase fold (active site not measured)
HAWL17-1_SAMN05224524_MAG_00000057-scaffold_98_2	HAWL17-1_SAMN05224524_MAG_00000057	A	61.9	418	Pseudomonadota	VMCJ01	Marine	III							A0ABU2DYI9	9.103E-01	7.473E-01	8.333E-01	0.902	0.914	complete synthase fold (active site not measured)
HEVR20-1_SAMEA6264007_MAG_00000004-scaffold_128_1	HEVR20-1_SAMEA6264007_MAG_00000004	A	72.9	377	Pseudomonadota	Aliihoeflea	Marine	III							A0A0K8MDT7	9.171E-01	8.068E-01	8.007E-01	0.966	0.871	complete synthase fold (active site not measured)
KAGO19-1_SAMD00073865_MAG_00000003-scaffold_33_15	KAGO19-1_SAMD00073865_MAG_00000003	D	81.2	423	Pseudomonadota	Marivivens	Marine	III							A0ABU2DYI9	8.983E-01	7.331E-01	8.256E-01	0.884	0.917	complete synthase fold (active site not measured)
KAGO19-1_SAMD00073867_MAG_00000007-scaffold_21_9	KAGO19-1_SAMD00073867_MAG_00000007	D	81.2	423	Pseudomonadota	Marivivens	Marine	III							A0ABU2DYI9	8.983E-01	7.331E-01	8.256E-01	0.884	0.917	complete synthase fold (active site not measured)
KAGO19-1_SAMD00073868_MAG_00000003-scaffold_244_1	KAGO19-1_SAMD00073868_MAG_00000003	D	81.2	423	Pseudomonadota	Marivivens	Marine	III							A0ABU2DYI9	8.983E-01	7.331E-01	8.256E-01	0.884	0.917	complete synthase fold (active site not measured)
KAGO19-1_SAMD00073876_MAG_00000004-scaffold_64_2	KAGO19-1_SAMD00073876_MAG_00000004	D	75.1	420	Pseudomonadota	HIMB11	Marine	III							A0ABU2DYI9	9.056E-01	7.411E-01	8.296E-01	0.888	0.914	complete synthase fold (active site not measured)
KAGO19-1_SAMD00073879_MAG_00000031-scaffold_405_1	KAGO19-1_SAMD00073879_MAG_00000031	D	80.0	298	Pseudomonadota	Marivivens	Marine	III							A0ABU2DYI9	9.119E-01	8.216E-01	6.630E-01	0.956	0.718	synthase fold, partial coverage of reference
KAGO19-1_SAMD00073885_MAG_00000019-scaffold_75_5	KAGO19-1_SAMD00073885_MAG_00000019	D	79.6	424	Pseudomonadota	Phaeobacter	Marine	III							A0A1Y2MK30	8.972E-01	7.453E-01	7.011E-01	0.892	0.774	complete synthase fold (active site not measured)
KAGO19-1_SAMD00073922_MAG_00000007-scaffold_370_2	KAGO19-1_SAMD00073922_MAG_00000007	A	66.1	409	Pseudomonadota	Salinivivens	Marine	III							A0A1Y2MK30	8.980E-01	7.637E-01	6.941E-01	0.914	0.765	complete synthase fold (active site not measured)
KAGO19-1_SAMD00073959_MAG_00000003-scaffold_3_3	KAGO19-1_SAMD00073959_MAG_00000003	D	74.3	419	Pseudomonadota	Planktomarina	Marine	I							A0ABU2DYI9	9.060E-01	7.431E-01	8.299E-01	0.890	0.914	complete synthase fold (active site not measured)
KAGO19-1_SAMD00073962_MAG_00000015-scaffold_397_1	KAGO19-1_SAMD00073962_MAG_00000015	D	79.6	424	Pseudomonadota	Phaeobacter	Marine	III							A0A1Y2MK30	8.972E-01	7.453E-01	7.011E-01	0.892	0.774	complete synthase fold (active site not measured)
KATO19-1_SAMD00110622_MAG_00000005-scaffold_332_2	KATO19-1_SAMD00110622_MAG_00000005	A	63.1	430	Pseudomonadota	MnTg02	Marine	III							A0ABU2DYI9	9.059E-01	7.243E-01	8.296E-01	0.870	0.914	complete synthase fold (active site not measured)
KELL22-1_SAMN22237328_MAG_00000031-scaffold_160_4	KELL22-1_SAMN22237328_MAG_00000031	A	59.9	405	Pseudomonadota	Bin95	Porifera	III							A0ABU2DYI9	9.217E-01	7.791E-01	8.433E-01	0.911	0.914	complete synthase fold (active site not measured)
KIEF18-1_SAMN04917373-S011_MAG_00000036-scaffold_9_13	KIEF18-1_SAMN04917373-S011_MAG_00000036	A	61.0	469	Pseudomonadota	RS62	Marine	III							A0ABU2DYI9	9.068E-01	6.655E-01	8.282E-01	0.819	0.912	complete synthase fold (active site not measured)
KIMD21-1_SAMN19716613_MAG_00000094-scaffold_24_3	KIMD21-1_SAMN19716613_MAG_00000094	A	57.6	383	Pseudomonadota	WLWT01	Marine	III							A0A1Y2MK30	9.020E-01	8.227E-01	7.013E-01	0.977	0.772	complete synthase fold (active site not measured)
KOBI21-1_SAMD00230611_MAG_00000006-scaffold_276_1	KOBI21-1_SAMD00230611_MAG_00000006	D	76.7	410	Pseudomonadota	HIMB11	Marine	III							A0ABU2DYI9	9.037E-01	7.569E-01	8.279E-01	0.910	0.914	complete synthase fold (active site not measured)
KOBI21-1_SAMD00230611_MAG_00000006-scaffold_460_1	KOBI21-1_SAMD00230611_MAG_00000006	D	76.7	410	Pseudomonadota	HIMB11	Marine	III							A0A1Y2MK30	9.007E-01	7.679E-01	6.993E-01	0.915	0.770	complete synthase fold (active site not measured)
KOBI21-1_SAMD00231908_MAG_00000005-scaffold_99_1	KOBI21-1_SAMD00231908_MAG_00000005	D	76.7	410	Pseudomonadota	HIMB11	Marine	III							A0A1Y2MK30	9.036E-01	7.702E-01	7.013E-01	0.915	0.770	complete synthase fold (active site not measured)
KOBI21-1_SAMD00231932_MAG_00000014-scaffold_163_1	KOBI21-1_SAMD00231932_MAG_00000014	D	77.3	249	Pseudomonadota	HIMB11	Marine	III							A0A1Y2MK30	9.202E-01	8.673E-01	4.885E-01	1.000	0.520	synthase fold, partial coverage of reference
KOBI21-1_SAMD00231951_MAG_00000010-scaffold_34_1	KOBI21-1_SAMD00231951_MAG_00000010	D	73.9	416	Pseudomonadota	Planktomarina	Marine	I							A0ABU2DYI9	9.044E-01	7.470E-01	8.285E-01	0.897	0.914	complete synthase fold (active site not measured)
KOPF15-1_SAMEA7392461_MAG_00000016-scaffold_55_7	KOPF15-1_SAMEA7392461_MAG_00000016	A	59.1	454	Pseudomonadota	Limnohabitans	Marine	none							A0A9W6L6I6	9.089E-01	7.122E-01	7.658E-01	0.872	0.838	complete synthase fold (active site not measured)
KOPF15-1_SAMEA7392461_MAG_00000023-scaffold_15_5	KOPF15-1_SAMEA7392461_MAG_00000023	A	63.2	471	Pseudomonadota	Polaromonas	Marine	none							A0ABU2DYI9	9.102E-01	6.663E-01	8.332E-01	0.817	0.914	complete synthase fold (active site not measured)
KOPF15-1_SAMEA7392471_MAG_00000152-scaffold_234_2	KOPF15-1_SAMEA7392471_MAG_00000152	A	69.9	407	Pseudomonadota	Sphingobium	Marine	III							A0A1Y2MK30	9.129E-01	7.850E-01	7.093E-01	0.912	0.772	complete synthase fold (active site not measured)
KOPF15-1_SAMEA7422956_MAG_00000140-scaffold_43_5	KOPF15-1_SAMEA7422956_MAG_00000140	A	65.8	261	Pseudomonadota	Pikeienuella	Marine	III							A0A0K8MDT7	9.429E-01	8.492E-01	5.909E-01	0.985	0.618	synthase fold, partial coverage of reference
KOPF15-1_SAMEA7422959_MAG_00000133-scaffold_20_23	KOPF15-1_SAMEA7422959_MAG_00000133	A	65.7	409	Pseudomonadota	Salinivivens	Marine	III							A0A1Y2MK30	9.110E-01	7.736E-01	7.025E-01	0.914	0.765	complete synthase fold (active site not measured)
KOPF15-1_SAMEA7422976_MAG_00000183-scaffold_34_10	KOPF15-1_SAMEA7422976_MAG_00000183	A	63.0	425	Pseudomonadota	UBA2463	Marine	III							A0ABU2DYI9	9.169E-01	7.401E-01	8.390E-01	0.899	0.914	complete synthase fold (active site not measured)
KOPF15-1_SAMEA7422980_MAG_00000070-scaffold_173_2	KOPF15-1_SAMEA7422980_MAG_00000070	D	69.6	541	Pseudomonadota	RFZI01	Marine	III							A0ABU2DYI9	8.999E-01	5.787E-01	8.245E-01	0.689	0.914	complete synthase fold (active site not measured)
KRUG19-1_SAMN06264745_MAG_00000140-scaffold_535_1	KRUG19-1_SAMN06264745_MAG_00000140	A	63.2	416	Pseudomonadota	JACKII01	Marine	III							A0ABU2DYI9	9.130E-01	7.528E-01	8.357E-01	0.901	0.914	complete synthase fold (active site not measured)
LARK21-1_SAMN15782448_MAG_00000006-scaffold_53_6	LARK21-1_SAMN15782448_MAG_00000006	A	65.0	409	Pseudomonadota	Salinivivens	Marine	III							A0A1Y2MK30	9.009E-01	7.659E-01	6.960E-01	0.914	0.765	complete synthase fold (active site not measured)
LARK21-1_SAMN15782463_MAG_00000002-scaffold_85_1	LARK21-1_SAMN15782463_MAG_00000002	D	66.3	236	Pseudomonadota	Salinivivens	Marine	III							A0A5C0SE92	9.393E-01	8.439E-01	5.678E-01	1.000	0.596	synthase fold, partial coverage of reference
LARK21-1_SAMN16861418_MAG_00000019-scaffold_191_1	LARK21-1_SAMN16861418_MAG_00000019	A	58.0	404	Pseudomonadota	Unknown Bin95	Marine	III							A0ABU2DYI9	9.047E-01	7.679E-01	8.286E-01	0.916	0.914	complete synthase fold (active site not measured)
LIUR22-1_SAMN17320294_MAG_00000072-scaffold_74_4	LIUR22-1_SAMN17320294_MAG_00000072	D	64.3	426	Pseudomonadota	UBA2767	Marine	III							A0ABU2DYI9	9.159E-01	7.380E-01	8.383E-01	0.878	0.914	complete synthase fold (active site not measured)
LIUR22-1_SAMN17320295_MAG_00000163-scaffold_412_2	LIUR22-1_SAMN17320295_MAG_00000163	A	64.0	426	Pseudomonadota	UBA2767	Marine	III							A0ABU2DYI9	9.157E-01	7.378E-01	8.381E-01	0.880	0.914	complete synthase fold (active site not measured)
LUOR22-1_SAMEA13322684_MAG_00000094-scaffold_304_1	LUOR22-1_SAMEA13322684_MAG_00000094	A	60.1	405	Pseudomonadota	Bin95	Porifera	III							A0ABU2DYI9	9.218E-01	7.792E-01	8.434E-01	0.911	0.914	complete synthase fold (active site not measured)
MARK18-1_SAMN08606329_MAG_00000006-scaffold_548_1	MARK18-1_SAMN08606329_MAG_00000006	E	67.3	358	Pseudomonadota	Limnohabitans_A	Marine	none							A0A128A448	9.563E-01	5.770E-01	5.802E-01	0.679	0.601	synthase fold, partial coverage of reference
MARK18-1_SAMN08606330_MAG_00000018-scaffold_11_4	MARK18-1_SAMN08606330_MAG_00000018	A	60.3	437	Pseudomonadota	Limnohabitans	Marine	III							A0ABU2DYI9	9.108E-01	7.167E-01	8.339E-01	0.881	0.914	complete synthase fold (active site not measured)
MARK18-1_SAMN08606349_MAG_00000010-scaffold_575_1	MARK18-1_SAMN08606349_MAG_00000010	E	63.9	465	Pseudomonadota	Limnohabitans_A	Marine	III							A0ABU2DYI9	9.152E-01	6.296E-01	7.785E-01	0.744	0.847	complete synthase fold (active site not measured)
MART15-1_SAMN07357612_MAG_00000082-scaffold_44_1	MART15-1_SAMN07357612_MAG_00000082	A	83.7	423	Pseudomonadota	Phenylobacterium	Marine	III							A0ABU2DYI9	9.071E-01	7.365E-01	8.305E-01	0.891	0.914	complete synthase fold (active site not measured)
MCIN21-1_SAMEA7319896_MAG_00000012-scaffold_173_5	MCIN21-1_SAMEA7319896_MAG_00000012	A	66.5	421	Pseudomonadota	Phenylobacterium	Aquaculture	III							A0ABU2DYI9	9.076E-01	7.404E-01	8.310E-01	0.898	0.914	complete synthase fold (active site not measured)
MEHR18-1_SAMN03444961_MAG_00000031-scaffold_3_27	MEHR18-1_SAMN03444961_MAG_00000031	A	63.0	425	Pseudomonadota	UBA2463	Marine	III							A0ABU2DYI9	9.158E-01	7.393E-01	8.380E-01	0.899	0.914	complete synthase fold (active site not measured)
MEHR18-1_SAMN03444961_MAG_00000033-scaffold_91_6	MEHR18-1_SAMN03444961_MAG_00000033	A	61.7	424	Pseudomonadota	RFXW01	Marine	III							A0ABU2DYI9	9.113E-01	7.379E-01	8.343E-01	0.906	0.914	complete synthase fold (active site not measured)
MEHR18-1_SAMN03444961_MAG_00000098-scaffold_329_5	MEHR18-1_SAMN03444961_MAG_00000098	A	61.1	433	Pseudomonadota	JAQBTY01	Marine	none							A0ABU2DYI9	9.213E-01	7.300E-01	8.428E-01	0.855	0.914	complete synthase fold (active site not measured)
NAPP22-1_SAMN15346751_MAG_00000076-scaffold_117_9	NAPP22-1_SAMN15346751_MAG_00000076	D	72.9	457	Pseudomonadota	Litoreibacter	Algae	III							A0ABU2DYI9	8.916E-01	6.762E-01	8.194E-01	0.818	0.917	complete synthase fold (active site not measured)
NGUY21-1_SAMN17524316_MAG_00000136-scaffold_64_1	NGUY21-1_SAMN17524316_MAG_00000136	D	64.0	413	Pseudomonadota	JAPOXR01	Porifera	III							A0A1Y2MK30	9.056E-01	7.730E-01	7.088E-01	0.915	0.777	complete synthase fold (active site not measured)
NOWI19-1_SAMN09201419_MAG_00000043-scaffold_192_1	NOWI19-1_SAMN09201419_MAG_00000043	D	64.3	236	Pseudomonadota	Salinivivens	Marine	III							A0A5C0SE92	9.445E-01	8.483E-01	5.700E-01	1.000	0.596	synthase fold, partial coverage of reference
NOWI19-1_SAMN09201450_MAG_00000051-scaffold_124_2	NOWI19-1_SAMN09201450_MAG_00000051	A	65.0	409	Pseudomonadota	Salinivivens	Marine	III							A0A1Y2MK30	9.107E-01	7.734E-01	7.023E-01	0.914	0.765	complete synthase fold (active site not measured)
NOWI19-1_SAMN09201452_MAG_00000034-scaffold_189_4	NOWI19-1_SAMN09201452_MAG_00000034	D	75.0	430	Pseudomonadota	CPC320	Marine	III							A0ABU2DYI9	9.078E-01	7.280E-01	8.337E-01	0.870	0.917	complete synthase fold (active site not measured)
NOWI19-1_SAMN09201683_MAG_00000019-scaffold_220_2	NOWI19-1_SAMN09201683_MAG_00000019	A	65.5	409	Pseudomonadota	Salinivivens	Marine	III							A0A1Y2MK30	9.077E-01	7.710E-01	7.003E-01	0.914	0.765	complete synthase fold (active site not measured)
NOWI19-1_SAMN09201846_MAG_00000027-scaffold_286_3	NOWI19-1_SAMN09201846_MAG_00000027	D	65.3	297	Pseudomonadota	Salinivivens	Marine	III							A0A0K8MDT7	9.150E-01	8.736E-01	6.891E-01	1.000	0.747	synthase fold, partial coverage of reference
NOWI19-1_SAMN09202069_MAG_00000103-scaffold_19_22	NOWI19-1_SAMN09202069_MAG_00000103	A	65.7	409	Pseudomonadota	Salinivivens	Marine	III							A0A1Y2MK30	9.076E-01	7.709E-01	7.002E-01	0.914	0.765	complete synthase fold (active site not measured)
NOWI19-1_SAMN09202493_MAG_00000087-scaffold_130_3	NOWI19-1_SAMN09202493_MAG_00000087	A	65.7	409	Pseudomonadota	Salinivivens	Marine	III							A0A1Y2MK30	9.073E-01	7.707E-01	7.000E-01	0.914	0.765	complete synthase fold (active site not measured)
NOWI19-1_SAMN10351067_MAG_00000065-scaffold_295_2	NOWI19-1_SAMN10351067_MAG_00000065	A	64.5	409	Pseudomonadota	Salinivivens	Marine	III							A0A1Y2MK30	9.107E-01	7.734E-01	7.023E-01	0.914	0.765	complete synthase fold (active site not measured)
NOWI19-1_SAMN10351090_MAG_00000019-scaffold_38_14	NOWI19-1_SAMN10351090_MAG_00000019	A	65.2	409	Pseudomonadota	Salinivivens	Marine	III							A0A1Y2MK30	9.111E-01	7.737E-01	7.026E-01	0.914	0.765	complete synthase fold (active site not measured)
OBRI24-1_SAMEA115094356_MAG_00000068-scaffold_204_7	OBRI24-1_SAMEA115094356_MAG_00000068	D	76.3	420	Pseudomonadota	Pseudooceanicola	Marine	III							A0ABU2DYI9	9.067E-01	7.418E-01	8.305E-01	0.888	0.914	complete synthase fold (active site not measured)
REYS20-1_SAMN12239304_MAG_00000021-scaffold_688_2	REYS20-1_SAMN12239304_MAG_00000021	A	53.6	465	Desulfobacterota	JAOZPY01	Marine	III							A0A1Y2MK30	9.257E-01	7.018E-01	7.214E-01	0.806	0.774	complete synthase fold (active site not measured)
ROBB19-1_SAMN11878279_MAG_00000056-scaffold_48_9	ROBB19-1_SAMN11878279_MAG_00000056	A	88.9	426	Pseudomonadota	Brevundimonas	Marine	III							A0ABU2DYI9	9.036E-01	7.291E-01	8.275E-01	0.885	0.914	complete synthase fold (active site not measured)
RSGB23-1_GCA-902558535-V1_GENO_10000001-scaffold_40_3	RSGB23-1_GCA-902558535-V1_GENO_10000001	A	86.2	408	Pseudomonadota	Salinivivens	NA	III							A0A1Y2MK30	9.066E-01	7.699E-01	6.977E-01	0.914	0.763	complete synthase fold (active site not measured)
RSGB23-1_GCA-902598845-V1_GENO_10000001-scaffold_1_67	RSGB23-1_GCA-902598845-V1_GENO_10000001	A	53.2	406	Pseudomonadota	TMED54	NA	III							A0A1Y2MK30	9.046E-01	7.719E-01	6.963E-01	0.916	0.763	complete synthase fold (active site not measured)
RSGB23-1_GCF-000024805-V1_GENO_10000001-scaffold_1_2383	RSGB23-1_GCF-000024805-V1_GENO_10000001	A	61.9	416	Myxococcota	Haliangium	NA	III							A0ABU2DYI9	9.092E-01	7.500E-01	8.324E-01	0.913	0.914	complete synthase fold (active site not measured)
RSGB23-1_GCF-000024805-V1_GENO_10000001-scaffold_1_5425	RSGB23-1_GCF-000024805-V1_GENO_10000001	E	26.7	466	Myxococcota	Haliangium	NA	III							A0A1H8CR08	9.074E-01	6.585E-01	8.873E-01	0.815	0.979	complete synthase fold (active site not measured)
SANC23-1_SAMEA110646488_MAG_00000110-scaffold_904_1	SANC23-1_SAMEA110646488_MAG_00000110	D	77.2	431	Pseudomonadota	Pseudooceanicola	Marine	III							A0ABU2DYI9	9.035E-01	7.214E-01	8.276E-01	0.868	0.914	complete synthase fold (active site not measured)
SANC23-1_SAMEA110646502_MAG_00000119-scaffold_18_15	SANC23-1_SAMEA110646502_MAG_00000119	A	72.5	411	Pseudomonadota	Alteriqipengyuania	Marine	III							A0ABU2DYI9	9.149E-01	7.631E-01	8.374E-01	0.912	0.914	complete synthase fold (active site not measured)
SANC23-1_SAMEA110646515_MAG_00000059-scaffold_28_2	SANC23-1_SAMEA110646515_MAG_00000059	A	78.7	447	Pseudomonadota	Paracoccus	Marine	none							A0ABU2DYI9	9.052E-01	6.980E-01	8.292E-01	0.834	0.914	complete synthase fold (active site not measured)
SANC23-1_SAMEA110646515_MAG_00000126-scaffold_263_3	SANC23-1_SAMEA110646515_MAG_00000126	A	71.8	403	Pseudomonadota	Henriciella	Marine	III							A0ABU2DYI9	9.110E-01	7.747E-01	8.341E-01	0.923	0.914	complete synthase fold (active site not measured)
SANC23-1_SAMEA110646520_MAG_00000031-scaffold_144_6	SANC23-1_SAMEA110646520_MAG_00000031	D	76.5	422	Pseudomonadota	SAT37	Marine	III							A0ABU2DYI9	9.073E-01	7.389E-01	8.310E-01	0.884	0.914	complete synthase fold (active site not measured)
SANT17-1_SAMN02905733_MAG_00000090-scaffold_344_1	SANT17-1_SAMN02905733_MAG_00000090	A	66.4	436	Pseudomonadota	Rubrivivax	Riverine	III							A0ABU2DYI9	9.139E-01	7.202E-01	8.365E-01	0.862	0.914	complete synthase fold (active site not measured)
SANT17-1_SAMN02924044_MAG_00000090-scaffold_52_11	SANT17-1_SAMN02924044_MAG_00000090	A	64.1	425	Pseudomonadota	Polynucleobacter	Lacustrine	III							A0ABU2DYI9	9.147E-01	7.386E-01	8.371E-01	0.887	0.914	complete synthase fold (active site not measured)
SANT17-1_SAMN02924044_MAG_00000167-scaffold_10_4	SANT17-1_SAMN02924044_MAG_00000167	A	70.6	434	Pseudomonadota	28-YEA-48	Lacustrine	III							A0ABU2DYI9	9.138E-01	7.234E-01	8.364E-01	0.869	0.914	complete synthase fold (active site not measured)
SANT17-1_SAMN02924044_MAG_00000170-scaffold_6_8	SANT17-1_SAMN02924044_MAG_00000170	A	68.5	424	Pseudomonadota	Aestuariivirga	Lacustrine	III							A0ABU2DYI9	9.129E-01	7.392E-01	8.357E-01	0.880	0.914	complete synthase fold (active site not measured)
SANT17-1_SAMN02924045_MAG_00000093-scaffold_18_16	SANT17-1_SAMN02924045_MAG_00000093	A	64.3	425	Pseudomonadota	Polynucleobacter	Lacustrine	III							A0ABU2DYI9	9.152E-01	7.389E-01	8.375E-01	0.887	0.914	complete synthase fold (active site not measured)
SANT17-1_SAMN02924045_MAG_00000116-scaffold_116_2	SANT17-1_SAMN02924045_MAG_00000116	A	62.7	423	Pseudomonadota	Polynucleobacter	Lacustrine	III							A0ABU2DYI9	9.184E-01	7.446E-01	8.403E-01	0.894	0.914	complete synthase fold (active site not measured)
SANT17-1_SAMN02924045_MAG_00000171-scaffold_271_1	SANT17-1_SAMN02924045_MAG_00000171	A	61.5	457	Pseudomonadota	Rhodoferax_C	Lacustrine	III							A0ABU2DYI9	9.120E-01	6.871E-01	8.348E-01	0.842	0.914	complete synthase fold (active site not measured)
SATI15-1_SAMN03252807_MAG_00000001-scaffold_86_1	SATI15-1_SAMN03252807_MAG_00000001	D	66.3	356	Pseudomonadota	Polynucleobacter	Riverine	III							A0A0K8MDT7	9.251E-01	8.223E-01	7.721E-01	0.961	0.832	complete synthase fold (active site not measured)
SAWJ20-1_SAMD00080421_MAG_00000018-scaffold_97_4	SAWJ20-1_SAMD00080421_MAG_00000018	A	53.3	417	Pseudomonadota	NORP23	Marine	III							A0ABU2DYI9	9.094E-01	7.485E-01	8.326E-01	0.902	0.914	complete synthase fold (active site not measured)
SCHR19-1_SAMN09405893_MAG_00000033-scaffold_25_12	SCHR19-1_SAMN09405893_MAG_00000033	A	82.2	406	Pseudomonadota	Oleispira	Marine	III							A0ABU2DYI9	9.143E-01	7.717E-01	8.369E-01	0.914	0.914	complete synthase fold (active site not measured)
SCHR19-1_SAMN09406016_MAG_00000018-scaffold_31_11	SCHR19-1_SAMN09406016_MAG_00000018	A	61.0	469	Pseudomonadota	RS62	Marine	III							A0ABU2DYI9	9.070E-01	6.656E-01	8.283E-01	0.819	0.912	complete synthase fold (active site not measured)
SCHR19-1_SAMN09406033_MAG_00000016-scaffold_167_2	SCHR19-1_SAMN09406033_MAG_00000016	D	74.9	443	Pseudomonadota	WLWX01	Marine	none							A0ABU2DYI9	8.948E-01	6.986E-01	8.222E-01	0.844	0.917	complete synthase fold (active site not measured)
SCHR19-1_SAMN09406107_MAG_00000002-scaffold_210_1	SCHR19-1_SAMN09406107_MAG_00000002	A	61.0	469	Pseudomonadota	RS62	Marine	III							A0ABU2DYI9	9.070E-01	6.656E-01	8.283E-01	0.819	0.912	complete synthase fold (active site not measured)
SHAF22-1_SAMEA7723408_MAG_00000007-scaffold_75_3	SHAF22-1_SAMEA7723408_MAG_00000007	A	63.7	433	Pseudomonadota	JAJFFL01	Other invertebrates	III							A0ABU2DYI9	9.097E-01	7.223E-01	8.330E-01	0.878	0.914	complete synthase fold (active site not measured)
SHIN18-1_SAMEA104707369_MAG_00000010-scaffold_261_3	SHIN18-1_SAMEA104707369_MAG_00000010	E	24.4	508	Bacteroidota	Pricia	Marine	III							A0A2T0U1J7	8.880E-01	6.114E-01	8.808E-01	0.758	0.994	complete synthase fold (active site not measured)
SIER19-1_SAMEA4692677_MAG_00000044-scaffold_9_9	SIER19-1_SAMEA4692677_MAG_00000044	A	68.1	407	Pseudomonadota	Thalassolituus	Marine	III							A0ABU2DYI9	9.176E-01	7.723E-01	8.397E-01	0.912	0.914	complete synthase fold (active site not measured)
SILV23-1_SAMEA6872365_MAG_00000042-scaffold_132_1	SILV23-1_SAMEA6872365_MAG_00000042	A	59.6	512	Pseudomonadota	JAMIFN01	Lacustrine	none							A0ABU2DYI9	9.057E-01	6.128E-01	8.294E-01	0.754	0.914	complete synthase fold (active site not measured)
SILV23-1_SAMEA6872367_MAG_00000001-scaffold_19_17	SILV23-1_SAMEA6872367_MAG_00000001	A	62.4	457	Pseudomonadota	Paucibacter_A	Lacustrine	III							A0ABU2DYI9	9.158E-01	6.894E-01	8.381E-01	0.825	0.914	complete synthase fold (active site not measured)
SILV23-1_SAMEA6872378_MAG_00000019-scaffold_416_1	SILV23-1_SAMEA6872378_MAG_00000019	A	56.1	425	Pseudomonadota	Casimicrobium	Lacustrine	III							A0ABU2DYI9	9.174E-01	7.405E-01	8.395E-01	0.868	0.914	complete synthase fold (active site not measured)
SILV23-1_SAMEA6872381_MAG_00000009-scaffold_476_3	SILV23-1_SAMEA6872381_MAG_00000009	E	63.6	408	Pseudomonadota	Polaromonas	Lacustrine	none							A0A0K8MDT7	9.238E-01	6.889E-01	7.380E-01	0.792	0.795	complete synthase fold (active site not measured)
SUHA22-1_SAMN20336532_MAG_00000037-scaffold_10_9	SUHA22-1_SAMN20336532_MAG_00000037	E	23.7	502	Myxococcota	Haliangium	Marine	III							A0A852R6G2	8.796E-01	6.111E-01	8.473E-01	0.809	0.963	complete synthase fold (active site not measured)
SUHA22-1_SAMN20336538_MAG_00000038-scaffold_11_68	SUHA22-1_SAMN20336538_MAG_00000038	E	23.7	502	Myxococcota	Haliangium	Marine	III							A0A852R6G2	8.796E-01	6.111E-01	8.473E-01	0.809	0.963	complete synthase fold (active site not measured)
SUHA22-1_SAMN20336539_MAG_00000053-scaffold_167_3	SUHA22-1_SAMN20336539_MAG_00000053	D	73.6	419	Pseudomonadota	BOKV01	Marine	III							A0ABU2DYI9	9.127E-01	7.474E-01	8.355E-01	0.890	0.914	complete synthase fold (active site not measured)
SUHA22-1_SAMN20336545_MAG_00000018-scaffold_158_1	SUHA22-1_SAMN20336545_MAG_00000018	A	98.7	408	Pseudomonadota	Salinivivens	Marine	III							A0A1Y2MK30	9.089E-01	7.717E-01	6.992E-01	0.914	0.763	complete synthase fold (active site not measured)
SUNY21-1_SAMEA6942735_MAG_00000205-scaffold_59_2	SUNY21-1_SAMEA6942735_MAG_00000205	D	78.5	425	Pseudomonadota	Octadecabacter	Marine	III							A0ABU2DYI9	9.060E-01	7.328E-01	8.298E-01	0.878	0.914	complete synthase fold (active site not measured)
TANS21-1_SAMN12687857-S003_MAG_00000108-scaffold_1_223	TANS21-1_SAMN12687857-S003_MAG_00000108	A	80.2	422	Pseudomonadota	Magnetovibrio	Marine	none							A0ABU2DYI9	9.149E-01	7.437E-01	8.373E-01	0.882	0.914	complete synthase fold (active site not measured)
TAOJ22-1_SAMN27365858_MAG_00000075-scaffold_8_18	TAOJ22-1_SAMN27365858_MAG_00000075	A	62.0	414	Pseudomonadota	VMCJ01	Marine	III							A0ABU2DYI9	9.055E-01	7.507E-01	8.292E-01	0.908	0.914	complete synthase fold (active site not measured)
TAOJ22-1_SAMN27365858_MAG_00000182-scaffold_72_1	TAOJ22-1_SAMN27365858_MAG_00000182	D	64.6	236	Pseudomonadota	Salinivivens	Marine	III							A0A081RQ39	9.326E-01	8.384E-01	5.680E-01	1.000	0.599	synthase fold, partial coverage of reference
TAOJ22-1_SAMN27365859_MAG_00000378-scaffold_87_4	TAOJ22-1_SAMN27365859_MAG_00000378	A	55.8	409	Pseudomonadota	Marisalimonas	Marine	III							A0ABU2DYI9	9.007E-01	7.561E-01	8.252E-01	0.907	0.914	complete synthase fold (active site not measured)
TARA_SAMEA2619723_MAG_00000035-scaffold_40_2	TARA_SAMEA2619723_MAG_00000035	A	90.3	404	Pseudomonadota	TMED69	Marine	III							A0ABU2DYI9	9.176E-01	7.778E-01	8.397E-01	0.913	0.914	complete synthase fold (active site not measured)
TARA_SAMEA2619747_MAG_00000019-scaffold_7_23	TARA_SAMEA2619747_MAG_00000019	A	59.0	429	Pseudomonadota	Thalassospira	Marine	III							A0ABU2DYI9	9.114E-01	7.299E-01	8.344E-01	0.876	0.914	complete synthase fold (active site not measured)
TARA_SAMEA2619857_MAG_00000093-scaffold_49_8	TARA_SAMEA2619857_MAG_00000093	A	98.7	408	Pseudomonadota	Salinivivens	Marine	III							A0A1Y2MK30	9.095E-01	7.721E-01	6.996E-01	0.914	0.763	complete synthase fold (active site not measured)
TARA_SAMEA2620043_MAG_00000116-scaffold_245_3	TARA_SAMEA2620043_MAG_00000116	A	94.0	335	Pseudomonadota	GCA-2690215	Marine	III							A0A0K8MDT7	9.332E-01	8.792E-01	7.779E-01	0.994	0.832	complete synthase fold (active site not measured)
TARA_SAMEA2623054_MAG_00000035-scaffold_96_1	TARA_SAMEA2623054_MAG_00000035	A	70.3	440	Pseudomonadota	Palleronia	Marine	III							A0ABU2DYI9	9.064E-01	7.092E-01	8.301E-01	0.850	0.914	complete synthase fold (active site not measured)
TARA_SAMEA2623282_MAG_00000023-scaffold_260_2	TARA_SAMEA2623282_MAG_00000023	A	70.2	426	Pseudomonadota	Zhengella	Marine	III							A0ABU2DYI9	9.096E-01	7.335E-01	8.328E-01	0.876	0.914	complete synthase fold (active site not measured)
TARA_SAMEA2623621_MAG_00000012-scaffold_787_1	TARA_SAMEA2623621_MAG_00000012	D	74.6	507	Pseudomonadota	Psychromarinibacter	Marine	III							A0ABU2DYI9	9.069E-01	6.218E-01	8.332E-01	0.738	0.917	complete synthase fold (active site not measured)
TARA_SAMEA4397118_MAG_00000058-scaffold_6_98	TARA_SAMEA4397118_MAG_00000058	A	80.8	412	Pseudomonadota	Qipengyuania	Marine	III							A0A1Y2MK30	9.140E-01	7.772E-01	7.106E-01	0.903	0.772	complete synthase fold (active site not measured)
TARA_SAMEA4398387_MAG_00000087-scaffold_41_9	TARA_SAMEA4398387_MAG_00000087	A	58.1	438	Pseudomonadota	Unknown Rhodobacteraceae	Marine	III							A0ABU2DYI9	9.104E-01	7.146E-01	8.334E-01	0.861	0.914	complete synthase fold (active site not measured)
TARA_SAMEA5997638_MAG_00000100-scaffold_25_1	TARA_SAMEA5997638_MAG_00000100	A	65.9	409	Pseudomonadota	Salinivivens	Marine	III							A0A1Y2MK30	8.980E-01	7.637E-01	6.941E-01	0.914	0.765	complete synthase fold (active site not measured)
TARA_SAMEA5999465_MAG_00000111-scaffold_55_1	TARA_SAMEA5999465_MAG_00000111	E	64.7	534	Pseudomonadota	Acidovorax	Marine	none							A0ABU2DYI9	9.116E-01	5.914E-01	8.345E-01	0.723	0.914	complete synthase fold (active site not measured)
TARA_SAMEA5999861_MAG_00000064-scaffold_447_1	TARA_SAMEA5999861_MAG_00000064	A	72.5	411	Pseudomonadota	Alteriqipengyuania	Marine	III							A0ABU2DYI9	9.150E-01	7.632E-01	8.375E-01	0.912	0.914	complete synthase fold (active site not measured)
TARA_SAMEA6002282_MAG_00000133-scaffold_95_5	TARA_SAMEA6002282_MAG_00000133	D	66.4	290	Pseudomonadota	Salinivivens	Marine	III							A0A1Y2MK30	9.105E-01	8.743E-01	5.694E-01	1.000	0.617	synthase fold, partial coverage of reference
TARA_SAMEA6004479_MAG_00000013-scaffold_322_4	TARA_SAMEA6004479_MAG_00000013	A	71.5	410	Pseudomonadota	Henriciella	Marine	III							A0ABU2DYI9	9.085E-01	7.602E-01	8.319E-01	0.907	0.914	complete synthase fold (active site not measured)
TARA_SAMEA6006193_MAG_00000070-scaffold_195_2	TARA_SAMEA6006193_MAG_00000070	A	68.1	409	Pseudomonadota	Salinivivens	Marine	III							A0A1Y2MK30	9.020E-01	7.668E-01	6.968E-01	0.914	0.765	complete synthase fold (active site not measured)
TARA_SAMEA6009087_MAG_00000174-scaffold_354_4	TARA_SAMEA6009087_MAG_00000174	A	71.3	403	Pseudomonadota	Henriciella	Marine	III							A0ABU2DYI9	9.111E-01	7.748E-01	8.341E-01	0.923	0.914	complete synthase fold (active site not measured)
TARA_SAMEA6009172_MAG_00000140-scaffold_202_1	TARA_SAMEA6009172_MAG_00000140	A	68.1	409	Pseudomonadota	Salinivivens	Marine	III							A0A1Y2MK30	9.079E-01	7.712E-01	7.005E-01	0.914	0.765	complete synthase fold (active site not measured)
TARA_SAMEA6012067_MAG_00000094-scaffold_284_1	TARA_SAMEA6012067_MAG_00000094	D	77.2	424	Pseudomonadota	Heliomarina	Marine	III							A0ABU2DYI9	9.048E-01	7.362E-01	8.315E-01	0.882	0.917	complete synthase fold (active site not measured)
TARA_SAMEA6012067_MAG_00000228-scaffold_79_1	TARA_SAMEA6012067_MAG_00000228	A	74.8	365	Pseudomonadota	Oceanicaulis	Marine	III							A0A0K8MDT7	9.229E-01	8.373E-01	8.053E-01	0.984	0.871	complete synthase fold (active site not measured)
TARA_SAMEA6012531_MAG_00000244-scaffold_142_1	TARA_SAMEA6012531_MAG_00000244	E	62.6	535	Pseudomonadota	Simplicispira	Marine	III							A0A9W6L6I6	8.900E-01	5.995E-01	7.487E-01	0.734	0.836	complete synthase fold (active site not measured)
TARA_SAMEA6017658_MAG_00000075-scaffold_57_4	TARA_SAMEA6017658_MAG_00000075	D	77.4	410	Pseudomonadota	HIMB11	Marine	III							A0A1Y2MK30	9.035E-01	7.702E-01	7.013E-01	0.915	0.770	complete synthase fold (active site not measured)
TARA_SAMEA6023195_MAG_00000063-scaffold_314_1	TARA_SAMEA6023195_MAG_00000063	A	98.5	408	Pseudomonadota	Salinivivens	Marine	III							A0A1Y2MK30	9.087E-01	7.715E-01	6.991E-01	0.914	0.763	complete synthase fold (active site not measured)
TARA_SAMEA6028012_MAG_00000127-scaffold_75_4	TARA_SAMEA6028012_MAG_00000127	A	99.0	408	Pseudomonadota	Salinivivens	Marine	III							A0A1Y2MK30	9.091E-01	7.718E-01	6.993E-01	0.914	0.763	complete synthase fold (active site not measured)
TARA_SAMEA6029539_MAG_00000094-scaffold_161_2	TARA_SAMEA6029539_MAG_00000094	A	80.0	431	Pseudomonadota	Ponticaulis	Marine	III							A0ABU2DYI9	9.075E-01	7.238E-01	8.309E-01	0.879	0.914	complete synthase fold (active site not measured)
TARA_SAMEA6033188_MAG_00000011-scaffold_524_1	TARA_SAMEA6033188_MAG_00000011	A	72.7	434	Pseudomonadota	Alteriqipengyuania	Marine	III							A0ABU2DYI9	9.153E-01	7.245E-01	8.377E-01	0.864	0.914	complete synthase fold (active site not measured)
TARA_SAMEA6042104_MAG_00000116-scaffold_205_2	TARA_SAMEA6042104_MAG_00000116	A	83.8	416	Pseudomonadota	UBA6544	Marine	III							A0ABU2DYI9	9.229E-01	7.601E-01	8.444E-01	0.889	0.914	complete synthase fold (active site not measured)
TARA_SAMEA6047360_MAG_00000058-scaffold_121_5	TARA_SAMEA6047360_MAG_00000058	D	68.6	301	Pseudomonadota	Salinivivens	Marine	III							A0A0K8MDT7	9.120E-01	8.686E-01	6.948E-01	1.000	0.755	complete synthase fold (active site not measured)
TARA_SAMEA6048083_MAG_00000008-scaffold_17_7	TARA_SAMEA6048083_MAG_00000008	A	67.6	409	Pseudomonadota	Salinivivens	Marine	III							A0A1Y2MK30	9.067E-01	7.703E-01	6.997E-01	0.914	0.765	complete synthase fold (active site not measured)
TARA_SAMEA6054428_MAG_00000006-scaffold_161_3	TARA_SAMEA6054428_MAG_00000006	D	76.9	410	Pseudomonadota	HIMB11	Marine	III							A0A1Y2MK30	8.998E-01	7.672E-01	6.987E-01	0.915	0.770	complete synthase fold (active site not measured)
TREM17-1_SAMN05416778_MAG_00000005-scaffold_300_2	TREM17-1_SAMN05416778_MAG_00000005	A	61.5	418	Pseudomonadota	VMCJ01	Marine	III							A0ABU2DYI9	9.105E-01	7.474E-01	8.335E-01	0.902	0.914	complete synthase fold (active site not measured)
TULL18-1_SAMN07571234_MAG_00000018-scaffold_380_1	TULL18-1_SAMN07571234_MAG_00000018	D	78.8	427	Pseudomonadota	Parasedimentitalea	Subsurface aquatic	none							A0A1Y2MK30	9.003E-01	7.426E-01	7.032E-01	0.885	0.774	complete synthase fold (active site not measured)
WANG22-1_SAMN08714533-S037_MAG_00000021-scaffold_22_16	WANG22-1_SAMN08714533-S037_MAG_00000021	D	76.4	419	Pseudomonadota	Boseongicola	Marine	III							A0A1Y2MK30	9.041E-01	7.632E-01	7.097E-01	0.907	0.779	complete synthase fold (active site not measured)
WANG22-1_SAMN08714533-S044_MAG_00000003-scaffold_374_1	WANG22-1_SAMN08714533-S044_MAG_00000003	D	77.7	256	Pseudomonadota	Rhodobacter_B	Marine	III							A0ABU2DYI9	9.276E-01	8.242E-01	5.749E-01	0.957	0.609	synthase fold, partial coverage of reference
WANG22-1_SAMN08714533-S080_MAG_00000038-scaffold_109_3	WANG22-1_SAMN08714533-S080_MAG_00000038	D	76.3	419	Pseudomonadota	Unknown Rhodobacteraceae	Marine	III							A0ABU2DYI9	8.999E-01	7.384E-01	8.245E-01	0.893	0.914	complete synthase fold (active site not measured)
WANG22-1_SAMN08714533-S093_MAG_00000025-scaffold_125_2	WANG22-1_SAMN08714533-S093_MAG_00000025	D	70.9	440	Pseudomonadota	Jannaschia	Marine	none							A0ABU2DYI9	9.052E-01	7.108E-01	8.317E-01	0.852	0.917	complete synthase fold (active site not measured)
WANG22-1_SAMN08714533-S096_MAG_00000028-scaffold_51_10	WANG22-1_SAMN08714533-S096_MAG_00000028	A	75.6	411	Pseudomonadota	Qipengyuania	Marine	III							A0ABU2DYI9	9.154E-01	7.635E-01	8.379E-01	0.912	0.914	complete synthase fold (active site not measured)
WANG22-1_SAMN08714628-S001_MAG_00000278-scaffold_9_81	WANG22-1_SAMN08714628-S001_MAG_00000278	A	77.2	424	Pseudomonadota	Henriciella	Marine	none							A0ABU2DYI9	9.104E-01	7.375E-01	8.335E-01	0.877	0.914	complete synthase fold (active site not measured)
WANG22-1_SAMN08714628-S002_MAG_00000025-scaffold_161_6	WANG22-1_SAMN08714628-S002_MAG_00000025	A	97.0	440	Pseudomonadota	Tectiglobus	Marine	III							A0A9W6L6I6	9.056E-01	7.336E-01	7.653E-01	0.870	0.841	complete synthase fold (active site not measured)
WANG22-1_SAMN08714628-S002_MAG_00000151-scaffold_689_2	WANG22-1_SAMN08714628-S002_MAG_00000151	A	59.4	417	Pseudomonadota	Thermohalobaculum	Marine	III							A0ABU2DYI9	9.086E-01	7.480E-01	8.320E-01	0.904	0.914	complete synthase fold (active site not measured)
WEIG22-1_SAMN23429950_MAG_00000023-scaffold_212_1	WEIG22-1_SAMN23429950_MAG_00000023	D	61.4	413	Pseudomonadota	Robiginitomaculum	Algae	none							A0A1Y2MK30	9.055E-01	7.684E-01	7.045E-01	0.908	0.772	complete synthase fold (active site not measured)
WILS17-1_SAMN21216437_MAG_00000031-scaffold_197_3	WILS17-1_SAMN21216437_MAG_00000031	D	75.7	420	Pseudomonadota	JAKVBK01	Marine	III							A0ABU2DYI9	9.080E-01	7.428E-01	8.317E-01	0.888	0.914	complete synthase fold (active site not measured)
WIND23-1_Gp0561261-S001_MAG_00000036-scaffold_380_4	WIND23-1_Gp0561261-S001_MAG_00000036	D	80.2	430	Pseudomonadota	Yoonia	Marine cryosphere	III							A0ABU2DYI9	9.091E-01	7.271E-01	8.326E-01	0.867	0.914	complete synthase fold (active site not measured)
XUSH22-1_SAMN16869644_MAG_00000036-scaffold_630_2	XUSH22-1_SAMN16869644_MAG_00000036	A	93.9	411	Pseudomonadota	Telluria	Marine	III							A0ABU2DYI9	9.154E-01	7.632E-01	8.377E-01	0.912	0.914	complete synthase fold (active site not measured)
XUSH22-1_SAMN16869647_MAG_00000025-scaffold_326_1	XUSH22-1_SAMN16869647_MAG_00000025	D	79.6	424	Pseudomonadota	Phaeobacter	Marine	III							A0A1Y2MK30	8.972E-01	7.453E-01	7.011E-01	0.892	0.774	complete synthase fold (active site not measured)
YANW21-1_SAMN17278086_MAG_00000017-scaffold_119_6	YANW21-1_SAMN17278086_MAG_00000017	A	82.6	536	Pseudomonadota	Roseibium	Marine	III							A0ABU2DYI9	9.125E-01	5.897E-01	8.353E-01	0.694	0.914	complete synthase fold (active site not measured)
ZHAN22-1_SAMN11355748_MAG_00000295-scaffold_85_2	ZHAN22-1_SAMN11355748_MAG_00000295	A	80.5	433	Pseudomonadota	Georhizobium	Marine	III							A0ABU2DYI9	9.155E-01	7.262E-01	8.379E-01	0.861	0.914	complete synthase fold (active site not measured)
ZHAN22-2_SAMN18200497_MAG_00000136-scaffold_185_4	ZHAN22-2_SAMN18200497_MAG_00000136	A	54.9	417	Pseudomonadota	NORP23	Marine	III							A0ABU2DYI9	9.062E-01	7.461E-01	8.298E-01	0.902	0.914	complete synthase fold (active site not measured)
ZHAN22-2_SAMN18200498_MAG_00000008-scaffold_211_1	ZHAN22-2_SAMN18200498_MAG_00000008	A	97.7	435	Pseudomonadota	Hyphomicrobium_A	Marine	III							A0ABU2DYI9	9.126E-01	7.209E-01	8.354E-01	0.857	0.914	complete synthase fold (active site not measured)
ZHAN22-5_SAMN24535025_MAG_00000049-scaffold_49_6	ZHAN22-5_SAMN24535025_MAG_00000049	A	83.8	426	Pseudomonadota	Brevundimonas	Riverine	III							A0ABU2DYI9	9.008E-01	7.272E-01	8.251E-01	0.887	0.914	complete synthase fold (active site not measured)
ZHAN22-5_SAMN24535026_MAG_00000029-scaffold_99_9	ZHAN22-5_SAMN24535026_MAG_00000029	A	60.8	464	Pseudomonadota	Polaromonas	Riverine	III							A0A9W6L6I6	9.128E-01	6.979E-01	7.665E-01	0.845	0.836	complete synthase fold (active site not measured)
ZHAN22-5_SAMN24535028_MAG_00000019-scaffold_7_26	ZHAN22-5_SAMN24535028_MAG_00000019	A	63.7	432	Pseudomonadota	Polynucleobacter	Riverine	III							A0ABU2DYI9	9.177E-01	7.292E-01	8.398E-01	0.875	0.914	complete synthase fold (active site not measured)
ZHAN22-5_SAMN24541574_MAG_00000066-scaffold_96_5	ZHAN22-5_SAMN24541574_MAG_00000066	A	65.6	408	Pseudomonadota	Sheuella	Riverine	III							A0ABU2DYI9	9.131E-01	7.648E-01	8.334E-01	0.912	0.912	complete synthase fold (active site not measured)
ZHAO22-1_SAMN11268098_MAG_00000047-scaffold_88_1	ZHAO22-1_SAMN11268098_MAG_00000047	A	67.8	366	Pseudomonadota	Unknown SHVV01	Marine	III							A0ABU2DYI9	9.271E-01	8.489E-01	8.335E-01	0.992	0.898	complete synthase fold (active site not measured)
ZHEN15-1_SAMN22350773_MAG_00000011-scaffold_221_3	ZHEN15-1_SAMN22350773_MAG_00000011	A	75.9	405	Pseudomonadota	Hydrogenophaga	Marine	none							A0A1Y2MK30	9.066E-01	7.797E-01	7.016E-01	0.923	0.768	complete synthase fold (active site not measured)
ZHEN15-1_SAMN22350790_MAG_00000001-scaffold_395_3	ZHEN15-1_SAMN22350790_MAG_00000001	D	78.4	309	Pseudomonadota	Roseovarius	Marine	none							A0ABU2DYI9	9.201E-01	7.952E-01	6.644E-01	0.922	0.713	synthase fold, partial coverage of reference
ZHEN15-1_SAMN22350791_MAG_00000007-scaffold_316_1	ZHEN15-1_SAMN22350791_MAG_00000007	D	75.4	419	Pseudomonadota	Boseongicola	Marine	III							A0ABU2DYI9	9.018E-01	7.399E-01	8.262E-01	0.890	0.914	complete synthase fold (active site not measured)
ZHEN20-1_SAMN07748060_MAG_00000024-scaffold_3_8	ZHEN20-1_SAMN07748060_MAG_00000024	A	70.5	403	Pseudomonadota	Henriciella	Marine	III							A0ABU2DYI9	9.109E-01	7.747E-01	8.340E-01	0.923	0.914	complete synthase fold (active site not measured)
ZHEN22-1_SAMN12826204_MAG_00000137-scaffold_94_2	ZHEN22-1_SAMN12826204_MAG_00000137	A	61.8	508	Pseudomonadota	Sneathiella	Marine	III							A0ABU2DYI9	9.066E-01	6.227E-01	8.372E-01	0.736	0.922	complete synthase fold (active site not measured)
ZHEN22-1_SAMN12826204_MAG_00000163-scaffold_4_23	ZHEN22-1_SAMN12826204_MAG_00000163	A	70.7	406	Pseudomonadota	Sphingopyxis	Marine	III							A0ABU2DYI9	9.205E-01	7.785E-01	8.446E-01	0.914	0.917	complete synthase fold (active site not measured)
ZHOU22-1_SAMN16252668_MAG_00000036-scaffold_194_4	ZHOU22-1_SAMN16252668_MAG_00000036	A	57.7	434	Pseudomonadota	Thermohalobaculum	Marine	III							A0ABU2DYI9	9.127E-01	7.226E-01	8.355E-01	0.866	0.914	complete synthase fold (active site not measured)
