candidate_index	candidate_residue	reference_index	reference_residue	distance_A
45	A	1	M	23.86
49	A	2	L	20.53
79	E	3	N	19.32
81	T	4	D	18.91
82	S	5	P	12.58
83	Q	6	R	13.19
84	R	7	K	13.21
85	I	8	P	6.96
86	D	9	K	2.13
88	A	10	G	4.62
89	G	11	L	3.10
90	R	12	R	3.48
91	F	13	L	3.85
92	S	14	F	2.51
93	P	15	G	3.13
94	L	16	S	3.77
95	V	17	L	3.55
96	H	18	S	3.50
97	S	19	S	4.37
98	W	20	H	3.68
99	G	21	S	5.52
100	R	22	D	3.47
102	I	23	P	2.35
103	F	24	L	2.61
104	G	25	V	3.50
105	S	26	G	3.39
106	A	27	P	2.25
108	Y	28	T	3.28
109	P	29	P	3.04
111	E	30	R	1.84
112	T	31	K	1.61
113	V	32	A	1.50
114	I	33	I	1.42
115	A	34	W	1.67
116	Q	35	K	1.83
117	D	36	K	1.83
118	E	37	N	2.70
119	C	38	K	4.31
120	F	39	A	2.00
121	R	40	T	1.99
122	L	41	L	1.16
123	V	42	W	1.20
124	Y	43	Y	0.91
125	V	44	Y	0.97
126	P	45	P	0.60
127	P	46	A	0.91
129	P	47	P	2.86
131	V	48	D	2.01
132	P	49	K	3.08
133	T	50	K	3.61
134	Q	51	Y	1.33
135	P	52	K	1.15
136	V	53	T	1.27
137	A	54	P	0.52
138	V	55	L	0.35
139	F	56	F	0.60
140	H	57	L	1.01
141	A	58	V	2.18
143	G	59	Y	2.56
144	C	60	S	2.53
145	I	61	L	4.47
146	P	62	V	2.57
147	Y	63	N	1.95
148	G	64	Q	1.94
149	D	65	A	0.67
150	R	66	F	1.48
151	I	67	I	1.05
152	F	68	L	1.39
153	R	69	D	2.11
154	M	70	L	2.52
155	H	71	G	0.92
156	P	72	P	2.76
157	D	73	G	2.94
158	F	74	S	1.63
159	N	75	S	0.70
160	L	76	M	0.43
161	F	77	I	0.18
162	D	78	E	0.37
163	R	79	G	0.71
164	F	80	F	0.60
165	R	81	T	0.36
166	E	82	E	0.65
167	R	83	A	0.67
168	G	84	G	0.69
169	L	85	Y	0.55
170	P	86	D	0.59
171	V	87	V	0.80
172	Y	88	Y	0.95
173	V	89	L	0.98
174	M	90	L	0.86
175	E	91	D	1.02
176	L	92	F	1.68
177	R	93	G	3.64
178	G	94	I	5.45
180	R	95	P	5.71
181	N	96	G	6.62
183	I	97	Y	7.79
184	D	98	E	2.31
185	Y	99	D	1.24
186	S	100	K	1.19
187	A	101	H	2.29
188	L	102	L	1.32
189	T	103	T	1.09
190	I	104	L	0.17
191	D	105	G	0.89
192	I	106	D	0.32
193	V	107	Y	0.40
194	V	108	I	0.85
195	D	109	F	0.91
196	A	111	Y	1.55
197	I	112	I	0.90
198	A	113	E	0.96
199	H	114	T	1.09
200	M	115	G	1.10
201	S	116	V	0.63
202	E	117	R	0.71
203	Q	118	R	0.90
204	A	119	A	0.79
205	Y	120	L	0.98
206	L	121	R	1.08
207	H	122	H	1.14
208	N	123	S	1.47
209	G	124	G	0.69
210	E	125	V	2.92
211	R	126	E	2.72
212	K	127	D	0.96
213	M	128	I	1.12
214	I	129	T	0.51
215	L	130	V	0.48
216	E	131	I	0.70
217	G	132	G	0.64
218	Y	133	Y	0.48
219	C	134	C	0.26
220	G	135	L	0.61
221	H	136	G	0.80
222	G	137	G	0.73
223	T	138	T	0.61
224	Q	139	L	1.00
225	A	140	A	1.12
226	L	141	L	0.95
227	T	142	I	1.37
228	Y	143	Y	1.55
229	V	144	A	1.84
230	A	145	A	2.14
232	K	146	V	1.44
233	P	147	A	3.92
235	D	148	K	0.81
238	S	149	E	3.13
239	K	150	P	2.74
240	F	151	I	1.41
241	S	152	K	0.16
242	T	153	N	0.80
243	C	154	L	0.68
244	A	155	I	0.47
245	L	156	L	0.47
246	F	157	F	0.69
247	V	158	A	0.59
248	T	159	T	0.66
249	P	160	P	0.70
250	V	161	V	0.85
251	D	162	D	1.39
252	G	163	I	2.15
253	T	164	S	2.88
254	R	165	E	3.12
255	C	166	I	4.18
256	A	167	P	4.21
257	A	168	Y	4.11
258	I	169	M	4.42
259	S	170	D	4.53
260	A	171	K	3.56
261	A	172	W	3.73
262	V	173	A	4.24
263	R	174	K	3.36
264	A	175	A	3.45
265	T	176	I	3.95
266	P	177	K	4.75
267	D	178	H	4.63
268	F	179	G	3.00
269	Y	180	E	4.74
270	H	181	I	3.95
272	A	182	K	3.47
273	L	183	M	3.18
274	M	184	E	3.66
275	A	185	E	3.16
276	F	186	L	2.73
277	Y	187	I	3.66
278	G	188	D	3.76
279	A	189	E	2.72
280	M	190	Y	2.71
282	S	191	G	2.19
283	Y	192	V	1.45
284	V	193	V	1.44
285	P	194	P	2.08
286	G	195	A	2.07
287	A	196	Q	2.49
288	S	197	V	1.59
289	V	198	M	0.35
290	Q	199	E	1.10
291	T	200	F	0.81
292	G	201	W	1.15
293	L	202	L	1.35
294	D	203	R	0.66
295	M	204	L	1.79
296	S	205	I	2.75
297	L	206	T	2.39
298	G	207	A	1.56
301	F	208	P	1.44
306	I	209	V	4.79
307	G	210	N	5.43
308	Y	211	V	3.80
309	F	212	T	5.45
310	S	213	P	1.15
311	A	214	Y	7.55
316	V	215	L	8.01
317	D	216	A	1.17
318	L	217	L	1.76
319	A	218	L	3.40
320	E	219	G	2.93
321	V	220	R	2.22
322	A	221	L	3.79
324	A	222	N	2.23
327	L	223	D	2.39
328	T	224	K	2.85
330	E	225	K	2.77
331	Q	226	Y	2.39
332	Q	227	I	3.07
333	R	228	R	1.92
334	D	229	K	1.04
335	L	230	W	2.25
336	A	231	K	2.18
337	G	232	R	1.19
338	T	233	F	2.05
339	Y	234	D	2.43
340	W	235	I	2.02
341	V	236	W	2.10
342	S	237	V	2.52
343	R	238	K	2.78
345	C	239	G	1.47
346	S	240	H	2.09
349	F	241	V	1.56
350	P	242	P	2.05
351	V	243	F	1.17
352	P	244	A	0.88
353	V	245	G	1.03
354	G	246	A	1.90
355	I	247	V	2.43
356	A	248	F	1.80
357	R	249	K	1.74
358	F	250	E	2.88
359	T	251	L	3.06
360	S	252	I	2.36
361	A	253	N	3.01
362	L	254	E	5.70
363	F	255	L	6.22
364	K	256	L	3.47
365	D	257	I	2.10
366	G	258	K	5.71
367	V	259	N	3.05
368	S	260	K	5.44
369	A	261	L	9.41
370	D	262	I	6.19
371	G	263	K	2.73
372	T	264	N	2.62
373	M	265	K	5.30
375	Y	266	L	5.08
376	P	267	E	3.17
377	V	268	L	0.96
378	H	269	R	1.47
379	D	270	G	4.65
380	K	271	K	4.83
381	P	272	R	4.64
382	V	273	V	2.89
386	A	274	N	2.41
387	I	275	L	3.19
388	R	276	K	2.15
390	Q	277	K	2.88
391	T	278	I	3.68
392	S	279	K	2.13
393	M	280	A	1.05
394	P	281	N	2.03
395	V	282	L	1.85
396	I	283	L	1.28
397	G	284	V	0.88
398	I	285	V	0.64
399	F	286	S	0.99
400	G	287	T	0.93
401	G	288	E	0.80
402	R	289	A	1.45
403	D	290	D	1.19
404	P	291	E	1.22
405	V	292	L	0.96
406	V	293	I	0.78
407	P	294	P	0.85
408	D	295	E	1.28
409	D	296	E	1.57
410	T	297	M	0.75
411	A	298	T	1.52
412	H	299	K	2.11
413	I	300	P	1.75
414	L	301	L	1.24
415	A	302	M	1.73
416	S	303	S	1.77
417	L	304	K	1.53
418	L	305	V	2.55
419	G	306	S	6.18
420	D	307	S	6.18
421	R	308	G	3.83
422	Y	309	D	6.21
423	T	310	K	3.24
424	H	311	T	4.49
425	V	312	Y	3.30
426	L	313	R	3.44
427	H	314	R	3.53
428	P	315	E	4.21
429	R	316	R	1.79
430	A	317	G	2.40
431	G	318	G	1.60
432	H	319	H	0.92
433	I	320	V	1.26
434	S	321	S	1.28
435	Y	322	L	1.94
436	V	323	A	1.39
437	L	324	I	1.48
438	S	325	K	2.07
439	A	326	G	2.09
441	A	327	G	3.00
442	W	328	L	3.76
443	N	329	P	7.53
444	R	330	D	5.45
453	N	331	F	1.12
454	P	332	L	2.66
455	I	333	T	3.13
456	D	334	E	2.10
457	L	335	W	1.63
458	M	336	L	3.29
459	L	337	Q	3.65
460	E	338	K	2.62
463	G	339	R	2.03
464	V	340	S	1.82
