target_id	pident_to_nearest	confidence_tier	genus	catalytic_cys_confirmed_hmm	nucleophile	nuc_pos	asp_pos	his_pos	nuc_his_dist_A	his_asp_dist_A	nuc_in_motif	tight
OMDBv2.0_AA_G_NR100_000233996328	24.0	MEDIUM: one of HMM/pathway	Colwellia_A	False	S	335	240	394	6.88	28.37	False	False
OMDBv2.0_AA_G_NR100_000218417001	24.5	HIGH: HMM + pathway	Unknown Midichloriaceae	True	Cys	128	260	287	3.2	2.53	True	True
OMDBv2.0_AA_G_NR100_000172156926	25.8	LOW: neither	DSBN01	False	S	52	34	32	2.83	4.07	False	True
OMDBv2.0_AA_G_NR100_000068954542	26.0	LOW: neither	JALWFW01	False	S	130	144	128	3.95	2.79	False	True
OMDBv2.0_AA_G_NR100_000148739328	26.3	HIGH: HMM + pathway	Caulobacter	False	S	114	138	273	3.12	2.51	True	True
OMDBv2.0_AA_G_NR100_000033698400	26.4	HIGH: HMM + pathway	Litorimonas	False	S	167	293	320	3.19	2.96	True	True
OMDBv2.0_AA_G_NR100_000145221161	26.7	MEDIUM: one of HMM/pathway	Maribacter	False	S	393	341	287	3.89	17.61	False	False
OMDBv2.0_AA_G_NR100_000228133088	27.6	HIGH: HMM + pathway	Unknown JAUHZG01	False	Cys	253	169	164	4.94	3.55	False	False
OMDBv2.0_AA_G_NR100_000170653398	27.6	LOW: neither	Marisimplicoccus	False	S	183	188	71	10.17	4.93	False	False
OMDBv2.0_AA_G_NR100_000102268518	28.2	MEDIUM: one of HMM/pathway	JAKVBD01	False	S	180	185	182	5.42	5.29	False	False
OMDBv2.0_AA_G_NR100_000228508032	28.3	MEDIUM: one of HMM/pathway	Roseivirga	False	S	356	358	416	7.59	6.31	False	False
OMDBv2.0_AA_G_NR100_000191991821	28.7	HIGH: HMM + pathway	GCA-2683825	False	T	64	60	289	2.73	4.02	False	True
OMDBv2.0_AA_G_NR100_000191210009	28.8	MEDIUM: one of HMM/pathway	Prochlorococcus_A	False	T	51	100	228	3.89	19.2	False	False
OMDBv2.0_AA_G_NR100_000097600777	29.2	MEDIUM: one of HMM/pathway	Pseudoalteromonas	False	S	117	110	120	2.89	2.87	False	True
OMDBv2.0_AA_G_NR100_000180915011	29.4	MEDIUM: one of HMM/pathway	Unknown C00003060	False	S	221	229	223	3.13	6.56	False	False
OMDBv2.0_AA_G_NR100_000214811382	29.6	LOW: neither	Alteromonas	False	S	270	272	269	8.19	4.79	False	False
OMDBv2.0_AA_G_NR100_000165335376	29.6	MEDIUM: one of HMM/pathway	NIC37A-2	False	S	240	220	241	4.91	3.09	False	False
OMDBv2.0_AA_G_NR100_000051102397	29.8	HIGH: HMM + pathway	CAKMZR01	False	Cys	133	276	303	3.55	2.68	True	True
OMDBv2.0_AA_G_NR100_000083061853	29.9	MEDIUM: one of HMM/pathway	MED-G85	False	Cys	334	386	342	3.44	2.72	False	True
OMDBv2.0_AA_G_NR100_000009205674	30.0	MEDIUM: one of HMM/pathway	FEN-1139	False	S	260	271	275	3.45	2.23	False	True
OMDBv2.0_AA_G_NR100_000186547620	30.1	HIGH: HMM + pathway	GCA-2707205	True	Cys	300	456	483	3.23	2.5	True	True
OMDBv2.0_AA_G_NR100_000085360001	30.1	LOW: neither	Unknown Cytophagales	False	S	385	382	420	4.55	4.67	False	False
OMDBv2.0_AA_G_NR100_000232167913	30.3	HIGH: HMM + pathway	Unknown JBCCZV01	False	Cys	164	313	342	3.3	2.45	True	True
OMDBv2.0_AA_G_NR100_000154916341	30.3	MEDIUM: one of HMM/pathway	JAKVCB01	False	S	358	373	415	4.12	5.7	False	False
OMDBv2.0_AA_G_NR100_000143827010	30.5	LOW: neither	Vibrio	False	S	43	58	223	3.31	15.22	False	False
OMDBv2.0_AA_G_NR100_000141254570	30.5	MEDIUM: one of HMM/pathway	Pseudobacillus	False	T	424	422	288	8.73	3.65	False	False
OMDBv2.0_AA_G_NR100_000129632104	30.5	MEDIUM: one of HMM/pathway	CAKMZU01	False	T	342	59	265	4.47	11.55	False	False
OMDBv2.0_AA_G_NR100_000160099602	30.8	MEDIUM: one of HMM/pathway	PALSA-600	False	S	16	68	27	2.74	2.44	False	True
OMDBv2.0_AA_G_NR100_000151817275	30.9	MEDIUM: one of HMM/pathway	Citrobacter	False	S	196	193	192	10.18	3.71	False	False
OMDBv2.0_AA_G_NR100_000009833404	30.9	MEDIUM: one of HMM/pathway	Fen-1118	False	T	169	212	201	6.77	2.58	False	False
OMDBv2.0_AA_G_NR100_000197854177	31.0	MEDIUM: one of HMM/pathway	Unknown Planctomycetaceae	False	S	107	110	109	4.75	3.43	False	False
OMDBv2.0_AA_G_NR100_000054514011	31.1	MEDIUM: one of HMM/pathway	JAUICS01	True	Cys	178	336	363	3.3	2.5	True	True
OMDBv2.0_AA_G_NR100_000234368249	31.3	HIGH: HMM + pathway	Unknown JAJNBL01	True	Cys	169	318	345	3.48	2.7	True	True
OMDBv2.0_AA_G_NR100_000019068407	31.4	HIGH: HMM + pathway	JABSSG01	True	Cys	143	294	321	3.4	2.69	True	True
OMDBv2.0_AA_G_NR100_000248876286	31.8	LOW: neither	JAGVXH01	False	S	262	261	434	8.91	4.3	False	False
OMDBv2.0_AA_G_NR100_000012097348	31.8	MEDIUM: one of HMM/pathway	JAPYTK01	False	T	72	73	87	5.59	5.24	False	False
OMDBv2.0_AA_G_NR100_000098889079	31.8	MEDIUM: one of HMM/pathway	JAGWBJ01	False	T	112	212	216	4.95	3.23	False	False
OMDBv2.0_AA_G_NR100_000077142402	32.3	MEDIUM: one of HMM/pathway	M30B66	False	T	396	392	387	4.62	8.73	False	False
OMDBv2.0_AA_G_NR100_000225076333	32.3	MEDIUM: one of HMM/pathway	ASP10-05a	False	T	441	516	539	5.6	2.83	False	False
OMDBv2.0_AA_G_NR100_000231446686	32.4	MEDIUM: one of HMM/pathway	JAAZVO01	False	T	183	172	177	8.24	10.69	False	False
OMDBv2.0_AA_G_NR100_000146267592	32.6	MEDIUM: one of HMM/pathway	Fastidiosibacter	False	S	27	31	316	5.58	7.56	False	False
OMDBv2.0_AA_G_NR100_000010954011	32.7	MEDIUM: one of HMM/pathway	Unknown Electryoneaceae	False	S	528	489	498	2.74	2.7	False	True
OMDBv2.0_AA_G_NR100_000011575088	32.8	MEDIUM: one of HMM/pathway	Unknown Electryoneaceae	False	S	443	447	413	2.72	3.0	False	True
OMDBv2.0_AA_G_NR100_000104457536	33.0	LOW: neither	Unknown UBA7312	False	Cys	374	379	380	12.09	6.24	False	False
OMDBv2.0_AA_G_NR100_000036012528	33.0	MEDIUM: one of HMM/pathway	JANSWY01	False	T	367	393	355	3.83	6.1	False	False
OMDBv2.0_AA_G_NR100_000176164028	33.1	MEDIUM: one of HMM/pathway	GCA-2684655	False	S	166	152	168	4.81	3.83	False	False
OMDBv2.0_AA_G_NR100_000134469188	33.1	MEDIUM: one of HMM/pathway	NZWG01	False	S	48	143	117	7.48	7.69	False	False
OMDBv2.0_AA_G_NR100_000040619412	33.1	MEDIUM: one of HMM/pathway	Unknown Flavobacteriales	False	S	351	232	228	6.03	3.88	False	False
OMDBv2.0_AA_G_NR100_000131888399	33.4	MEDIUM: one of HMM/pathway	Prochlorococcus_A	False	none							False
OMDBv2.0_AA_G_NR100_000207460623	33.5	LOW: neither	Unknown TMED127	False	S	108	35	164	3.92	5.1	False	False
OMDBv2.0_AA_G_NR100_000158623601	33.6	LOW: neither	Unknown JALUUU01	False	T	76	74	203	14.09	9.65	False	False
OMDBv2.0_AA_G_NR100_000165363387	33.8	LOW: neither	Unknown UBA1067	False	none							False
OMDBv2.0_AA_G_NR100_000243400347	33.9	LOW: neither	JBBSMX01	False	S	317	294	300	4.25	2.54	False	True
OMDBv2.0_AA_G_NR100_000117883595	34.0	HIGH: HMM + pathway	CATQGW01	False	S	7	59	17	2.72	2.49	False	True
OMDBv2.0_AA_G_NR100_000138727929	34.0	MEDIUM: one of HMM/pathway	Enterococcus_B	False	S	281	267	285	5.09	3.73	False	False
OMDBv2.0_AA_G_NR100_000248795111	34.3	MEDIUM: one of HMM/pathway	JAUWSR01	False	T	287	309	311	3.33	10.63	False	False
OMDBv2.0_AA_G_NR100_000012552542	34.3	MEDIUM: one of HMM/pathway	Unknown MPNO01	False	S	95	88	91	3.31	5.46	False	False
OMDBv2.0_AA_G_NR100_000230778508	34.4	HIGH: HMM + pathway	JALTZE01	True	Cys	171	325	352	3.41	2.42	True	True
OMDBv2.0_AA_G_NR100_000229771601	34.5	MEDIUM: one of HMM/pathway	Fulvivirga	False	S	254	81	391	3.66	13.65	False	False
