genome	gtdb_genus	gtdb_species	n_qc_targets	target_ids	cluster0.7_representatives	any_triad_complete_alignment	any_triad_complete_structural	has_local_pdb	completeness	contamination
MCIN21-1_SAMEA7319884_MAG_00000014	Methylocystis	Unknown Methylocystis	1	OMDBv2.0_AA_G_NR100_000103521452	OMDBv2.0_AA_G_NR100_000137395662	True	False	False	89.15	2.8
MCIN21-1_SAMEA7319885_MAG_00000005	Methylocystis	Unknown Methylocystis	1	OMDBv2.0_AA_G_NR100_000103521452	OMDBv2.0_AA_G_NR100_000137395662	True	False	False	61.97	0.0
MCIN21-1_SAMEA7319886_MAG_00000002	Methylocystis	Unknown Methylocystis	1	OMDBv2.0_AA_G_NR100_000103546499	OMDBv2.0_AA_G_NR100_000137395662	False	False	False	59.15	0.0
MCIN21-1_SAMEA7319896_MAG_00000055	Methylocystis	Methylocystis sp002412985	1	OMDBv2.0_AA_G_NR100_000103829672	OMDBv2.0_AA_G_NR100_000137395662	True	False	False	91.55	0.0
MCIN21-1_SAMEA7319896_MAG_00000073	Methylocystis	Methylocystis sp023253795	1	OMDBv2.0_AA_G_NR100_000103836376	OMDBv2.0_AA_G_NR100_000137395662	True	False	False	97.18	0.0
MCIN21-1_SAMEA7319902_MAG_00000019	Methylocystis	Methylocystis sp002412985	1	OMDBv2.0_AA_G_NR100_000103940592	OMDBv2.0_AA_G_NR100_000137395662	True	False	False	100.0	0.0
RSGB23-1_GCF-000178815-V2_GENO_10000001	Methylosinus	Methylosinus trichosporium	2	OMDBv2.0_AA_G_NR100_000137395662,OMDBv2.0_AA_G_NR100_000137396832	OMDBv2.0_AA_G_NR100_000137395662,OMDBv2.0_AA_G_NR100_000137396832	True	False	False	100.0	0.0
RSGB23-1_GCF-000379125-V1_GENO_10000001	Methylosinus	Methylosinus sp000379125	2	OMDBv2.0_AA_G_NR100_000138566122,OMDBv2.0_AA_G_NR100_000138566139	OMDBv2.0_AA_G_NR100_000137395662,OMDBv2.0_AA_G_NR100_000137396832	True	False	False	99.69	0.0
RSGB23-1_GCF-003113265-V1_GENO_10000001	Methylosinus	Methylosinus sporium	3	OMDBv2.0_AA_G_NR100_000145290636,OMDBv2.0_AA_G_NR100_000145290652,OMDBv2.0_AA_G_NR100_000145291779	OMDBv2.0_AA_G_NR100_000137395662,OMDBv2.0_AA_G_NR100_000137396832,OMDBv2.0_AA_G_NR100_000145291779	True	False	False	100.0	0.31
RSGB23-1_GCF-003722355-V1_GENO_10000001	Methylocystis	Methylocystis hirsuta	5	OMDBv2.0_AA_G_NR100_000146868490,OMDBv2.0_AA_G_NR100_000146869071,OMDBv2.0_AA_G_NR100_000146869394,OMDBv2.0_AA_G_NR100_000146869432,OMDBv2.0_AA_G_NR100_000146869589	OMDBv2.0_AA_G_NR100_000137395662,OMDBv2.0_AA_G_NR100_000146868490,OMDBv2.0_AA_G_NR100_000146869394,OMDBv2.0_AA_G_NR100_000146869432,OMDBv2.0_AA_G_NR100_000146869589	True	True	True	100.0	0.0
RSGB23-1_GCF-003855495-V1_GENO_10000001	Methylocystis	Methylocystis rosea_A	5	OMDBv2.0_AA_G_NR100_000147076408,OMDBv2.0_AA_G_NR100_000147077393,OMDBv2.0_AA_G_NR100_000147077400,OMDBv2.0_AA_G_NR100_000147078382,OMDBv2.0_AA_G_NR100_000147079896	OMDBv2.0_AA_G_NR100_000020482643,OMDBv2.0_AA_G_NR100_000137395662,OMDBv2.0_AA_G_NR100_000146868490,OMDBv2.0_AA_G_NR100_000147077400,OMDBv2.0_AA_G_NR100_000147079896	True	False	False	99.37	0.47
RSGB23-1_GCF-009685175-V1_GENO_10000001	Methylocystis	Methylocystis rosea_A	3	OMDBv2.0_AA_G_NR100_000150587755,OMDBv2.0_AA_G_NR100_000150589008,OMDBv2.0_AA_G_NR100_000150589839	OMDBv2.0_AA_G_NR100_000137395662,OMDBv2.0_AA_G_NR100_000146868490,OMDBv2.0_AA_G_NR100_000147079896	True	False	False	99.68	0.32
SANT17-1_SAMN02905733_MAG_00000047	Methylocystis	Methylocystis sp900299115	1	OMDBv2.0_AA_G_NR100_000159223062	OMDBv2.0_AA_G_NR100_000137395662	True	False	False	81.69	2.82
SANT17-1_SAMN02924041_MAG_00000007	Methylocystis	Methylocystis sp900299115	1	OMDBv2.0_AA_G_NR100_000159342552	OMDBv2.0_AA_G_NR100_000137395662	True	False	False	90.14	1.41
SANT17-1_SAMN02924041_MAG_00000019	Methylocystis	Methylocystis sp023253795	1	OMDBv2.0_AA_G_NR100_000159350848	OMDBv2.0_AA_G_NR100_000137395662	True	False	False	87.88	1.12
SANT17-1_SAMN02924044_MAG_00000040	Methylocystis	Unknown Methylocystis	1	OMDBv2.0_AA_G_NR100_000159452798	OMDBv2.0_AA_G_NR100_000137395662	True	False	False	65.64	1.53
SANT17-1_SAMN02924044_MAG_00000076	Methylocystis	Methylocystis sp023253795	1	OMDBv2.0_AA_G_NR100_000159484570	OMDBv2.0_AA_G_NR100_000137395662	True	False	False	79.02	2.0
SANT17-1_SAMN02924044_MAG_00000111	Methylocystis	Methylocystis sp900299115	1	OMDBv2.0_AA_G_NR100_000159527295	OMDBv2.0_AA_G_NR100_000137395662	True	False	False	100.0	0.0
SANT17-1_SAMN02924045_MAG_00000050	Methylocystis	Methylocystis sp900299115	1	OMDBv2.0_AA_G_NR100_000159680322	OMDBv2.0_AA_G_NR100_000137395662	True	False	False	77.46	4.23
SANT17-1_SAMN02924047_MAG_00000055	Methylocystis	Methylocystis sp900299115	1	OMDBv2.0_AA_G_NR100_000159785940	OMDBv2.0_AA_G_NR100_000137395662	True	False	False	75.24	0.69
