study	n_genomes	n_clusters	dominant_habitat	mean_abs_lat	lonspan	is_global	"1
(singleton)"	2–5	6–20	21–100	>100
TOPC	4257	871	Seawater	35.165371999060376	343.89459999999997	True	117	176	259	233	86
TPAC	3552	585	Seawater	14.0137615777027	357.6089	True	79	129	143	151	83
RSGB23-1	3107	1280	Mixed/Unknown	nan	0.0	False	473	339	217	174	77
BPAM22-1	1935	336	Seawater	30.23322780361757	55.878399999999985	False	45	59	77	92	63
SCHR19-1	1188	272	Seawater	53.80196	0.0	False	35	42	52	83	60
SANC23-1	1021	235	Seawater	23.58398026444662	324.8568	True	14	29	54	81	57
PANK22-1	989	78	Marine sponge tissue	17.060562052578362	23.3789	False	6	10	20	29	13
KOPF15-1	982	287	Seawater	43.13717250509165	152.19	False	35	51	50	85	66
CAOS20-1	981	315	Seawater	58.53443425076453	228.94	True	36	63	79	81	56
WANG22-1	917	405	Marine biofilm	23.447917121046885	204.12	True	60	92	83	102	68
SUTE22-1	591	153	Seawater	10.617	0.0	False	21	46	32	33	21
COLL22-1	484	68	Seawater	69.00425428888889	15.821000000000026	False	2	4	6	21	35
KAGO19-1	469	81	Seawater	nan	0.0	False	1	8	16	22	34
LUOR22-1	469	94	Marine sponge tissue	47.89386620469083	56.964022	False	5	11	22	30	26
FUCH22-1	455	102	Seawater	14.382417582417581	3.200000000000003	False	15	13	18	32	24
KOBI21-1	435	31	Seawater	39.04213280459769	0.006400000000013506	False	1	4	2	5	19
HAWL17-1	411	68	Seawater	48.56958637469588	0.20000000000000284	False	2	9	12	25	20
OBRI24-1	409	125	Seawater	65.69179737173594	10.739716700000002	False	4	13	30	40	38
ATLA15-1	407	229	Marine sediment	29.437751842751844	0.9560000000000031	False	53	76	61	29	10
KELL22-1	383	67	Marine sponge tissue	15.370193838120107	6.693300000000008	False	3	12	16	22	14
ALNE20-1	369	70	Brackish sea water	56.76121235772358	15.5163	False	9	7	17	23	14
WIND23-1	351	182	Sea ice	87.47477863247862	14.227199999999996	False	12	31	36	60	43
KRUG19-1	347	114	Seawater	54.18504930835736	0.0	False	4	18	17	37	38
ZHEN20-1	328	202	Seawater	11.340000000000002	0.0	False	14	34	39	68	47
ALNE18-1	325	127	Brackish sea water	57.791578276923076	13.2973	False	21	26	25	26	29
TAOJ22-1	312	229	Seawater	36.07120512820513	0.09499999999999886	False	19	38	48	71	53
SOLA22-1	301	111	Seawater	54.19	0.0	False	7	16	18	36	34
NOWI19-1	297	33	Seawater	36.83129999999999	0.0	False	0	0	6	13	14
ZHAN22-5	296	132	Seawater	62.20547297297297	0.14000000000000057	False	13	17	31	34	37
TREM17-1	291	101	Seawater	45.661955326460486	11.869	False	8	10	14	31	38
MARK18-1	287	28	Seawater	58.05447648083625	10.62611	False	0	2	4	8	14
CAST23-1	278	45	Seawater	42.35159003597122	0.40625	False	1	3	6	16	19
ACIN21-1	260	96	Seawater	21.75345653846154	358.6613	True	2	6	20	31	37
NGUY21-1	257	62	Marine sponge tissue	21.140116731517512	241.4	True	4	9	15	20	14
SUHA22-1	256	184	Seawater	15.33862628125	7.899315000000001	False	23	26	48	52	35
SUMM22-1	248	81	Animal bone biofilm	1.3500000000000003	0.0	False	11	11	19	27	13
LUOE20-1	245	63	Seawater	22.75093469387755	0.14699999999999136	False	6	7	9	16	25
SIER19-1	219	49	Seawater	33.59690410958904	0.22099999999998943	False	1	1	8	18	21
SHIN18-1	215	136	Marine sediment	44.09382669767441	267.0843	True	31	40	34	17	14
ZHOU22-1	201	59	Marine sediment	11.347621890547265	0.5390000000000157	False	11	5	21	15	7
ZHEN15-1	198	148	Estuarine sediment	32.01181818181817	13.599999999999994	False	28	42	34	29	15
NAPP22-1	194	52	Marine algae thallus	33.992700000000006	0.0	False	7	15	11	8	11
ROBB21-1	173	70	Marine sponge tissue	18.872533526011562	1.1140000000000043	False	6	16	17	19	12
BILL18-1	163	35	Seawater	31.606693680981593	195.20192	True	4	4	6	4	17
DUAR15-1	163	66	Seawater	42.317116564417184	78.06	False	1	4	9	21	31
KRUG19-2	147	67	Seawater	54.1841	0.0	False	5	3	7	22	30
SILV23-1	141	59	Mixed/Unknown	63.6698079432624	0.4613000000000014	False	8	24	9	12	6
ZHAN22-2	141	88	Marine sediment	22.064255319148934	0.03999999999999204	False	12	19	20	17	20
KIEF18-1	134	19	Estuarine water	44.63680000000001	0.0	False	2	2	2	4	9
SHAF22-1	134	120	Marine sponge tissue	27.27181185074627	314.9673	True	16	14	26	31	33
EMOS17-1	130	17	Seawater	42.487	0.004999999999999893	False	0	2	3	4	8
ZHEN22-1	130	101	Marine sediment	34.89115384615384	0.4099999999999966	False	19	14	29	16	23
CARD22-1	129	116	Coral tissue	22.180000000000003	0.0	False	25	36	30	13	12
DRIS22-1	129	82	Marine biofilm	28.6006976744186	16.220000000000006	False	12	22	13	13	22
ENGE20-1	127	27	Marine sponge tissue	18.489999999999988	0.0	False	1	1	5	12	8
SCRA20-1	123	47	Seawater	10.617	0.0	False	0	1	12	21	13
ZHAN22-1	123	86	Seawater	19.883491056910568	2.4369999999999976	False	4	13	16	19	34
LIUR22-1	122	35	Marine sediment	11.403700000000004	0.0	False	2	4	13	12	4
MCIN21-1	121	64	Freshwater aquaculture sediment	23.723109008264462	0.02039999999999509	False	15	16	17	14	2
LARK21-1	119	26	Seawater	23.188306957983194	205.00087000000002	True	1	4	3	6	12
TULL18-1	119	84	Seawater	22.787226890756315	0.04000000000000625	False	15	13	19	16	21
HARO18-2	117	60	Seawater	37.35361000000001	0.0	False	0	4	9	24	23
GALA18-1	116	39	Seawater	43.36482758620691	0.0	False	0	1	7	16	15
XUSH22-1	115	75	Seawater	20.61114668695652	8.643878	False	7	8	17	20	23
GLAS20-1	111	42	Seawater	19.93260000000001	0.0	False	0	8	4	14	16
YANW21-1	110	74	Seawater	19.59272727272727	10.0	False	5	8	21	22	18
CHAS20-1	107	139	Marine sediment	17.478140186915887	0.03700000000000614	False	57	35	21	15	11
BERT20-1	105	27	Seawater	18.916571428571434	4.299999999999997	False	0	0	2	14	11
ZHAN22-3	105	49	Marine sediment	78.95128533333335	0.7123299999999997	False	2	4	6	16	21
HARO16-1	104	28	Seawater	23.347884615384615	6.240000000000002	False	2	2	4	6	14
MAKI22-1	104	47	Seawater	29.09517981730769	109.538	False	1	4	7	17	18
BRAK15-1	97	29	Mixed/Unknown	63.42999999999999	0.0	False	3	3	4	7	12
KIMD21-1	95	56	Seawater	25.027999999999988	1.8599999999999994	False	1	7	6	20	22
MEHR18-1	95	82	Seawater	36.85210999999998	0.0	False	9	14	20	18	21
SANT17-1	95	69	Mixed/Unknown	28.94473684210527	34.260000000000005	False	22	17	18	10	2
SATI15-1	95	57	Mixed/Unknown	2.4240927368421055	9.280000000000001	False	4	12	18	7	16
REYS20-1	88	76	Hydrothermal vent sediment	34.860620454545455	0.019500000000022055	False	26	27	19	1	3
MART15-1	87	54	Seawater	38.08474597701151	0.18891	False	0	2	11	20	21
HUGE15-1	86	18	Seawater	56.93084999999998	0.0	False	2	1	0	9	6
COEL20-1	84	26	Seawater	22.304000000000002	0.0	False	1	0	6	10	9
MORG22-1	84	27	Marine sponge tissue	86.78741190476191	0.7489999999999952	False	1	1	7	12	6
NILS19-1	83	34	Seawater	56.93000000000001	0.0	False	0	5	7	8	14
TANS21-1	83	43	Marine sediment	1.4636054578313256	0.08389999999999986	False	7	16	13	6	1
DLUG22-1	81	46	Seawater	33.80288271604938	58.3688	False	0	2	4	22	18
FUCH17-1	79	40	Seawater	16.88889240506329	0.6089999999999947	False	0	1	8	18	13
ASPL16-1	75	23	Seawater	58.819999999999986	0.0	False	0	1	1	11	10
ROTH18-1	74	30	Marine algae thallus	38.60485135135135	160.04858	False	7	8	4	2	9
PUEN22-1	71	46	Seawater	69.02999999999996	0.0	False	5	5	12	12	12
SONG20-1	71	49	Seawater	36.79802816901408	7.590000000000003	False	5	6	13	11	14
JOHN19-1	68	56	Hydrothermal vent plume	21.963204411764703	0.3509999999999991	False	17	20	14	2	3
BOEU19-1	67	42	Marine sediment	22.75	0.0	False	5	4	11	7	15
POHA15-1	65	28	Seawater	34.06889	0.0	False	1	1	1	7	18
CAST23-2	63	24	Seawater	42.34919841269842	0.1414000000000044	False	0	1	2	6	15
CHEN21-1	59	41	Marine sediment	11.43082	0.0	False	5	5	13	12	6
ZHAO22-1	59	37	Marine sediment	49.82915254237288	91.14	False	4	4	9	11	9
HARO18-1	58	54	Seawater	38.11560000000001	0.0	False	2	8	19	10	15
COLA18-1	57	33	Seawater	76.30044385964914	5.961999999999989	False	0	4	9	8	12
BAIS20-1	52	40	Seawater	10.943076923076923	0.32200000000000273	False	1	6	8	11	14
THRA17-1	52	35	Seawater	28.759626923076933	0.41670000000000584	False	7	4	6	5	13
SCHU20-1	50	9	Seawater	54.19	0.0	False	0	1	0	1	7
