genome	target_id	pident_to_nearest	nearest_hit_target_id	qcov	tcov	depth_m	domain	phylum	genus	ecosystem_compartment	sample_source	ecosystem_type	study_id	lat	lon
BOEU19-1_SAMN09765703_MAG_00000014	OMDBv2.0_AA_G_NR100_000019068407	31.4	OMDBv2.0_AA_G_NR100_000104211107	0.9	0.68	4000.0	Bacteria	Pseudomonadota	JABSSG01	Marine sediment	Marine sediment	Marine	BOEU19-1	22.75	-158.0
BPAM22-1_SAMN08954284_MAG_00000005	OMDBv2.0_AA_G_NR100_000033698400	27.2	OMDBv2.0_AA_G_NR100_000158193376	0.68	0.61	5.0	Bacteria	Pseudomonadota	Litorimonas	Seawater	Seawater	Marine	BPAM22-1	-33.9908	151.2325
DRIS22-1_SAMN24661246_MAG_00000018	OMDBv2.0_AA_G_NR100_000054514011	31.1	OMDBv2.0_AA_G_NR100_000163752412	0.79	0.83		Bacteria	Pseudomonadota	JAUICS01	Marine biofilm	Ocean plastic biofilm	Marine	DRIS22-1	26.73	-79.89
JOHN19-1_SAMN10217879_MAG_00000186	OMDBv2.0_AA_G_NR100_000069009521	33.4	OMDBv2.0_AA_G_NR100_000040970698	0.93	0.86		Bacteria	Myxococcota	JAJRTE01	Hydrothermal vent plume	Hydrothermal vent plume	Marine	JOHN19-1	-21.9894	-176.568
LUOR22-1_SAMEA13322673_MAG_00000062	OMDBv2.0_AA_G_NR100_000098889079	31.8	OMDBv2.0_AA_G_NR100_000117883595	0.93	0.94		Bacteria	Chloroflexota	JAGWBJ01	Marine sponge tissue	Geodia barretti tissue	Porifera	LUOR22-1	62.87086	57.6262
LUOR22-1_SAMEA13322674_MAG_00000099	OMDBv2.0_AA_G_NR100_000098889079	31.8	OMDBv2.0_AA_G_NR100_000117883595	0.93	0.94		Bacteria	Chloroflexota	JAGWBJ01	Marine sponge tissue	Geodia barretti tissue	Porifera	LUOR22-1	61.89333	60.1325
LUOR22-1_SAMEA13322675_MAG_00000005	OMDBv2.0_AA_G_NR100_000098889079	31.8	OMDBv2.0_AA_G_NR100_000117883595	0.93	0.94		Bacteria	Chloroflexota	JAGWBJ01	Marine sponge tissue	Geodia barretti tissue	Porifera	LUOR22-1	61.89333	60.1325
PANK22-1_SAMN12290600_MAG_00000060	OMDBv2.0_AA_G_NR100_000117883595	34.0	OMDBv2.0_AA_G_NR100_000195549733	0.94	0.95		Bacteria	Chloroflexota	CATQGW01	Marine sponge tissue	Agelas tissue	Porifera	PANK22-1	19.36197	-81.4023
PANK22-1_SAMN12290826_MAG_00000056	OMDBv2.0_AA_G_NR100_000117883595	34.0	OMDBv2.0_AA_G_NR100_000195549733	0.94	0.95		Bacteria	Chloroflexota	CATQGW01	Marine sponge tissue	Agelas tissue	Porifera	PANK22-1	19.36293	-81.4042
PANK22-1_SAMN12291263_MAG_00000056	OMDBv2.0_AA_G_NR100_000117883595	34.0	OMDBv2.0_AA_G_NR100_000195549733	0.94	0.95		Bacteria	Chloroflexota	CATQGW01	Marine sponge tissue	Agelas tissue	Porifera	PANK22-1	19.36197	-81.4023
RSGB23-1_GCF-001460935-V1_GENO_10000001	OMDBv2.0_AA_G_NR100_000140823244	32.7	OMDBv2.0_AA_G_NR100_000140681541	0.86	0.91		Bacteria	Pseudomonadota	Ichthyocystis	NA	NA	NA	RSGB23-1		
SATI15-1_SAMN03252821_MAG_00000058	OMDBv2.0_AA_G_NR100_000160099602	30.8	OMDBv2.0_AA_G_NR100_000117883595	0.9	0.98	0.5	Bacteria	Actinomycetota	PALSA-600	Freshwater river water	Freshwater river water	Riverine	SATI15-1	-2.48438	-55.0075
SATO17-1_SAMN04961670_MAG_00000024	OMDBv2.0_AA_G_NR100_000160311745	28.6	OMDBv2.0_AA_G_NR100_000185305735	0.94	0.72		Bacteria	Pseudomonadota	Unknown JALZUV01	Coral tissue	Montipora hispida	Cnidaria	SATO17-1	-18.55	146.49
SUHA22-1_SAMN20336539_MAG_00000055	OMDBv2.0_AA_G_NR100_000174814502	33.1	OMDBv2.0_AA_G_NR100_000167451151	0.69	0.82		Bacteria	Actinomycetota	Unknown Nitriliruptoraceae	Seawater	Seawater	Marine	SUHA22-1	10.98753	112.9924
SUMM22-1_SAMN21164848_MAG_00000007	OMDBv2.0_AA_G_NR100_000175527226	32.7	OMDBv2.0_AA_G_NR100_000199800005	0.98	0.8		Bacteria	Bdellovibrionota	Unknown Bdellovibrionales	Animal bone biofilm	Animal bone biofilm	Marine	SUMM22-1	1.35	103.8
SUTE22-1_SAMN10231911_MAG_00000121	OMDBv2.0_AA_G_NR100_000178502003	33.0	OMDBv2.0_AA_G_NR100_000229124594	0.72	0.87		Bacteria	Myxococcota	Unknown GCA-2863065	Seawater	Seawater	Marine	SUTE22-1	10.617	-65.167
SUTE22-1_SAMN10231912_MAG_00000089	OMDBv2.0_AA_G_NR100_000178502003	33.0	OMDBv2.0_AA_G_NR100_000229124594	0.72	0.87		Bacteria	Myxococcota	Unknown GCA-2863065	Seawater	Seawater	Marine	SUTE22-1	10.617	-65.167
TARA_SAMEA2620204_MAG_00000031	OMDBv2.0_AA_G_NR100_000186547620	30.1	OMDBv2.0_AA_G_NR100_000219104540	0.98	0.99	5.0	Bacteria	Pseudomonadota	GCA-2707205	Seawater	Seawater	Marine	TOPC	14.6059	70.0
TARA_SAMEA2621232_MAG_00000106	OMDBv2.0_AA_G_NR100_000186547620	30.1	OMDBv2.0_AA_G_NR100_000219104540	0.98	0.99	800.0	Bacteria	Pseudomonadota	GCA-2707205	Seawater	Seawater	Marine	TOPC	-20.9315	-35.1794
TARA_SAMEA2621242_MAG_00000073	OMDBv2.0_AA_G_NR100_000186547620	30.1	OMDBv2.0_AA_G_NR100_000219104540	0.98	0.99	800.0	Bacteria	Pseudomonadota	GCA-2707205	Seawater	Seawater	Marine	TOPC	-20.9315	-35.2742
TARA_SAMEA2622369_MAG_00000046	OMDBv2.0_AA_G_NR100_000191991821	28.7	OMDBv2.0_AA_G_NR100_000117883595	0.87	0.94	380.0	Bacteria	Planctomycetota	GCA-2683825	Seawater	Seawater	Marine	TOPC	2.0649	-84.5107
TARA_SAMEA6036610_MAG_00000022	OMDBv2.0_AA_G_NR100_000218417001	27.8	OMDBv2.0_AA_G_NR100_000226652964	0.79	0.61		Bacteria	Pseudomonadota	Unknown Midichloriaceae	Seawater	Seawater	Marine	TPAC	7.458367	134.2147
TARA_SAMEA6042488_MAG_00000026	OMDBv2.0_AA_G_NR100_000218417001	27.8	OMDBv2.0_AA_G_NR100_000226652964	0.79	0.61		Bacteria	Pseudomonadota	Unknown Midichloriaceae	Seawater	Seawater	Marine	TPAC	10.30168	-109.235
WANG22-1_SAMN08714628-S002_MAG_00000305	OMDBv2.0_AA_G_NR100_000232167913	30.3	OMDBv2.0_AA_G_NR100_000175149979	0.85	0.89		Bacteria	Pseudomonadota	Unknown JBCCZV01	Marine biofilm	Marine biofilm	Marine	WANG22-1	22.34	114.27
