genomes_sampled	genome_order_mean	genome_order_lo	genome_order_hi	study_order_mean	study_order_lo	study_order_hi
1	1.6	1.0	3.0	0.0	0.0	0.0
163	183.6	160.9	205.5	42.3	0.0	117.0
325	309.9	283.5	337.6	78.7	0.0	190.6
487	415.4	382.5	448.0	129.1	0.0	284.5
649	506.0	471.0	543.5	167.9	0.0	343.0
812	587.4	551.5	627.0	201.6	0.0	400.5
974	661.5	620.4	701.0	234.2	0.0	447.1
1136	730.4	688.5	773.0	271.6	0.0	516.6
1298	793.7	750.0	838.0	310.2	0.0	571.5
1460	852.8	808.4	900.0	345.3	0.0	616.6
1622	909.6	863.0	958.5	376.6	0.0	681.1
1784	962.9	915.0	1017.5	413.1	0.0	721.5
1946	1014.4	965.0	1068.1	440.4	0.0	760.6
2108	1063.4	1010.0	1112.5	468.5	0.0	806.0
2270	1110.0	1058.5	1157.5	496.1	0.0	810.6
2433	1155.4	1100.0	1201.5	521.4	0.0	847.7
2595	1198.0	1142.0	1248.0	547.7	0.0	907.4
2757	1239.9	1180.5	1290.5	572.8	0.0	939.0
2919	1279.7	1225.9	1332.0	596.1	0.0	959.1
3081	1318.9	1263.0	1375.6	620.6	0.0	1008.6
3243	1356.5	1298.4	1410.0	643.6	0.0	1041.0
3405	1393.2	1337.0	1450.0	681.0	25.4	1088.5
3567	1429.6	1373.0	1484.5	711.3	47.0	1187.0
3729	1464.4	1408.5	1525.5	741.2	47.0	1313.5
3892	1498.6	1442.4	1559.0	773.0	153.8	1344.6
4054	1531.1	1474.0	1590.0	803.5	162.3	1404.0
4216	1563.0	1505.4	1620.0	825.0	177.4	1410.2
4378	1594.2	1536.4	1650.0	857.6	179.5	1452.2
4540	1625.1	1564.5	1680.0	894.8	236.0	1487.5
4702	1654.8	1592.4	1709.0	920.3	273.6	1506.6
4864	1684.6	1625.3	1742.0	937.2	273.6	1524.6
5026	1713.0	1652.4	1767.5	974.3	333.8	1538.5
5188	1741.0	1681.0	1794.5	1015.2	419.2	1582.8
5350	1768.5	1710.0	1819.0	1042.3	470.3	1685.0
5513	1795.6	1739.0	1847.5	1078.5	527.9	1722.2
5675	1822.4	1765.5	1875.0	1103.4	552.3	1754.5
5837	1848.8	1793.5	1902.0	1128.7	563.6	1777.0
5999	1874.6	1818.5	1928.0	1149.3	563.6	1805.6
6161	1899.6	1841.4	1953.0	1176.0	597.5	1836.2
6323	1924.9	1868.5	1978.1	1205.3	618.4	1868.1
6485	1949.6	1894.4	2001.0	1225.8	648.3	1884.0
6647	1973.6	1915.5	2029.0	1265.5	688.1	1925.1
6809	1997.0	1939.0	2054.0	1295.5	733.1	1964.5
6971	2020.2	1961.5	2076.0	1315.7	733.1	1998.5
7134	2043.8	1983.0	2098.0	1335.9	765.9	2002.2
7296	2066.2	2009.5	2120.5	1356.2	777.3	2004.1
7458	2088.8	2025.4	2145.0	1379.6	801.0	2025.1
7620	2111.2	2048.4	2169.0	1405.9	885.1	2031.5
7782	2132.8	2069.0	2189.0	1418.3	885.1	2036.7
7944	2154.6	2094.9	2212.0	1452.9	958.5	2085.5
8106	2175.7	2113.5	2231.1	1478.8	969.5	2094.1
8268	2196.4	2136.0	2253.0	1497.1	997.9	2123.1
8430	2217.1	2153.9	2274.5	1516.1	1015.3	2158.5
8593	2237.9	2176.5	2294.5	1546.0	1035.4	2183.1
8755	2257.7	2197.5	2317.1	1573.8	1093.5	2222.3
8917	2276.9	2216.5	2338.0	1596.8	1104.7	2252.3
9079	2296.8	2232.9	2355.0	1613.2	1104.7	2275.1
9241	2316.0	2254.4	2371.5	1631.9	1111.3	2290.2
9403	2335.4	2275.9	2389.0	1653.7	1172.8	2321.3
9565	2354.6	2293.5	2410.0	1672.3	1183.7	2349.8
9727	2373.3	2311.5	2432.5	1690.4	1199.0	2365.0
9889	2391.7	2329.0	2451.5	1714.5	1214.0	2377.6
10051	2410.2	2347.5	2472.5	1732.5	1214.5	2389.5
10214	2428.5	2365.9	2487.0	1753.1	1242.4	2412.0
10376	2445.7	2389.9	2502.1	1773.9	1302.0	2439.8
10538	2464.1	2405.9	2520.5	1799.0	1314.9	2455.3
10700	2481.8	2422.0	2539.0	1812.5	1318.4	2464.6
10862	2499.2	2436.9	2553.1	1837.3	1324.3	2485.6
11024	2517.3	2456.0	2572.5	1863.1	1339.8	2517.2
11186	2534.5	2472.9	2589.5	1881.5	1339.8	2526.8
11348	2551.4	2491.9	2607.0	1901.8	1373.3	2544.9
11510	2567.9	2505.8	2625.5	1926.0	1404.9	2573.7
11673	2584.6	2522.5	2644.1	1939.4	1418.0	2581.6
11835	2601.5	2540.4	2657.0	1956.0	1431.8	2607.6
11997	2618.1	2560.5	2675.1	1969.9	1472.0	2624.1
12159	2634.0	2579.0	2690.1	1987.3	1488.2	2632.7
12321	2650.6	2592.9	2710.1	2004.3	1508.3	2640.2
12483	2666.1	2606.0	2727.1	2017.1	1521.4	2650.6
12645	2681.5	2622.5	2740.1	2037.9	1523.0	2680.6
12807	2696.8	2636.0	2757.2	2059.1	1524.0	2684.1
12969	2712.3	2650.5	2771.5	2090.2	1541.6	2711.5
13131	2728.2	2666.4	2788.0	2111.5	1575.5	2721.1
13294	2743.3	2680.4	2808.6	2126.0	1588.5	2728.6
13456	2758.0	2698.0	2823.5	2143.3	1610.0	2751.5
13618	2773.3	2710.0	2836.1	2162.3	1674.9	2775.7
13780	2788.4	2729.5	2850.0	2187.0	1695.0	2786.7
13942	2803.1	2741.5	2865.1	2202.3	1696.0	2793.1
14104	2817.7	2758.0	2878.5	2216.8	1699.8	2793.1
14266	2832.1	2773.5	2892.1	2236.6	1708.3	2809.9
14428	2847.1	2790.5	2905.5	2253.3	1716.8	2831.9
14590	2861.4	2801.3	2920.0	2270.0	1740.7	2831.9
14753	2876.2	2818.9	2938.0	2288.3	1787.4	2857.0
14915	2890.4	2831.4	2953.1	2304.8	1787.4	2929.2
15077	2904.4	2844.4	2967.6	2322.6	1804.5	2953.4
15239	2918.6	2855.9	2977.0	2336.4	1821.7	2953.4
15401	2932.4	2872.9	2990.5	2352.5	1829.4	2964.1
15563	2946.2	2885.9	3009.0	2364.8	1837.2	2975.6
15725	2959.7	2898.8	3019.5	2384.6	1885.8	2981.0
15887	2973.4	2911.3	3036.5	2398.7	1893.4	3019.4
16049	2987.0	2926.9	3050.5	2421.6	1908.4	3019.4
16211	3000.3	2942.0	3063.1	2437.2	1912.0	3040.3
16374	3014.0	2952.9	3075.5	2464.7	1927.3	3075.9
16536	3027.0	2965.9	3088.5	2481.7	1936.3	3085.1
16698	3040.2	2974.5	3101.1	2493.9	1936.3	3093.8
16860	3053.3	2990.9	3115.0	2509.3	1936.3	3094.7
17022	3065.6	3004.0	3126.5	2526.2	1976.5	3107.2
17184	3078.5	3017.9	3137.6	2544.4	2003.2	3117.0
17346	3091.4	3030.5	3152.0	2560.0	2036.5	3127.5
17508	3104.1	3045.9	3162.5	2574.2	2052.9	3133.7
17670	3116.9	3058.5	3171.1	2588.2	2076.0	3154.6
17833	3130.0	3071.5	3187.1	2602.9	2092.3	3164.0
17995	3142.1	3081.0	3197.1	2620.2	2114.4	3171.7
18157	3154.1	3094.5	3211.5	2630.3	2120.4	3172.1
18319	3166.6	3107.5	3224.0	2649.0	2123.7	3182.3
18481	3178.3	3119.5	3235.0	2661.1	2123.7	3186.2
18643	3190.6	3135.9	3247.5	2683.7	2135.3	3203.1
18805	3202.8	3147.5	3262.6	2703.9	2159.4	3217.9
18967	3215.0	3159.5	3271.6	2722.5	2195.2	3243.2
19129	3226.7	3169.4	3284.6	2738.7	2204.3	3248.5
19291	3239.0	3180.0	3297.5	2755.8	2210.4	3253.5
19454	3251.0	3190.9	3310.0	2767.3	2222.5	3274.1
19616	3262.8	3203.4	3323.1	2774.8	2232.5	3276.0
19778	3274.5	3214.9	3333.6	2789.4	2249.8	3276.0
19940	3286.2	3229.5	3346.2	2809.5	2279.7	3303.5
20102	3298.2	3236.9	3354.6	2823.5	2295.6	3303.5
20264	3309.8	3251.4	3366.6	2835.2	2309.7	3320.1
20426	3321.5	3262.9	3376.1	2850.4	2309.7	3320.1
20588	3333.0	3276.0	3387.5	2866.2	2309.7	3365.1
20750	3344.3	3284.9	3399.5	2880.0	2350.7	3366.5
20912	3355.3	3295.9	3408.6	2892.1	2350.7	3368.6
21075	3367.1	3309.5	3420.5	2906.0	2394.0	3382.1
21237	3378.3	3319.5	3429.0	2923.1	2404.9	3399.1
21399	3389.6	3330.9	3441.1	2942.1	2436.2	3420.1
21561	3400.7	3342.9	3456.1	2958.0	2466.3	3441.5
21723	3411.5	3355.0	3465.0	2968.5	2466.8	3450.5
21885	3422.3	3364.4	3474.1	2980.5	2466.8	3452.1
22047	3433.4	3373.5	3487.5	3000.4	2497.6	3464.1
22209	3444.4	3385.9	3499.5	3020.0	2516.3	3483.5
22371	3455.3	3398.5	3508.5	3028.7	2516.3	3501.5
22534	3465.9	3407.5	3518.5	3045.0	2544.6	3502.0
22696	3476.9	3418.5	3530.5	3058.2	2544.6	3513.3
22858	3487.8	3432.0	3543.5	3071.4	2544.6	3525.7
23020	3498.1	3441.5	3550.1	3083.1	2544.6	3532.6
23182	3508.8	3449.5	3560.5	3093.5	2559.2	3540.1
23344	3519.6	3461.5	3568.5	3103.2	2569.3	3548.1
23506	3530.0	3471.9	3578.5	3118.5	2612.4	3556.5
23668	3540.5	3483.5	3590.5	3139.9	2627.0	3570.9
23830	3551.0	3494.5	3603.5	3149.6	2627.0	3586.7
23992	3561.3	3506.5	3612.0	3169.5	2627.0	3594.1
24155	3572.1	3516.5	3626.5	3187.2	2647.4	3612.5
24317	3582.0	3530.5	3634.5	3198.5	2648.9	3617.7
24479	3592.7	3540.0	3643.1	3212.6	2648.9	3628.8
24641	3603.0	3548.4	3654.0	3225.1	2648.9	3646.6
24803	3612.9	3559.5	3666.1	3238.8	2662.5	3649.5
24965	3622.8	3570.0	3673.5	3252.9	2704.3	3654.5
25127	3632.9	3580.9	3685.6	3261.6	2704.3	3655.5
25289	3642.7	3592.5	3693.1	3272.3	2715.2	3664.1
25451	3652.8	3603.4	3702.1	3282.3	2727.2	3670.1
25614	3662.6	3612.9	3715.0	3297.8	2763.5	3686.5
25776	3672.4	3622.0	3722.1	3313.1	2763.5	3694.1
25938	3682.4	3634.5	3732.5	3330.6	2780.8	3715.0
26100	3692.1	3644.5	3741.5	3349.8	2842.4	3715.0
26262	3701.6	3653.4	3753.0	3358.9	2842.4	3743.5
26424	3711.0	3666.0	3763.1	3375.0	2878.8	3752.6
26586	3720.5	3673.0	3771.6	3385.1	2882.5	3775.1
26748	3729.9	3683.0	3778.0	3398.7	2882.5	3783.2
26910	3739.8	3692.9	3789.1	3408.3	2886.3	3795.1
27072	3749.2	3701.5	3799.6	3419.9	2890.5	3795.1
27235	3758.4	3711.5	3806.5	3431.3	2898.4	3797.5
27397	3767.6	3720.9	3820.2	3444.9	2898.4	3810.1
27559	3777.0	3730.5	3826.5	3457.0	2954.9	3821.4
27721	3786.3	3739.5	3836.6	3473.6	2961.3	3829.3
27883	3795.9	3749.0	3850.1	3486.1	2985.4	3841.2
28045	3805.2	3756.0	3857.0	3498.3	2988.4	3846.1
28207	3814.5	3768.5	3862.6	3514.2	2990.9	3852.5
28369	3823.7	3776.9	3872.5	3527.3	3044.6	3859.6
28531	3832.6	3784.5	3880.5	3545.8	3065.8	3869.5
28694	3842.0	3791.5	3891.5	3555.7	3065.8	3879.1
28856	3851.1	3804.5	3900.0	3563.7	3066.8	3880.5
29018	3860.1	3812.0	3908.5	3573.4	3071.9	3890.0
29180	3869.2	3820.9	3918.1	3590.8	3092.4	3896.0
29342	3877.8	3829.9	3927.6	3598.1	3092.4	3901.6
29504	3886.4	3842.0	3936.6	3607.7	3094.3	3912.6
29666	3895.2	3850.5	3944.1	3619.8	3100.8	3923.6
29828	3904.0	3858.9	3953.5	3633.3	3104.9	3939.1
29990	3913.0	3871.0	3964.0	3643.5	3114.6	3945.2
30152	3921.8	3879.0	3969.0	3652.7	3114.6	3955.1
30315	3930.6	3887.5	3975.6	3666.8	3130.3	3971.6
30477	3939.0	3897.0	3984.5	3678.1	3130.3	3986.1
30639	3947.7	3906.0	3990.5	3694.8	3188.9	3991.1
30801	3956.2	3915.0	3999.5	3714.8	3224.8	3995.1
30963	3964.9	3924.5	4007.0	3727.7	3230.0	4011.1
31125	3973.5	3933.9	4016.1	3735.5	3230.0	4012.5
31287	3982.1	3940.0	4023.6	3749.9	3230.0	4015.6
31449	3990.5	3947.5	4032.6	3768.1	3234.8	4028.1
31611	3998.9	3955.5	4037.1	3777.3	3259.5	4031.0
31774	4007.3	3967.0	4047.5	3791.2	3284.8	4057.5
31936	4015.7	3975.4	4056.0	3800.7	3290.4	4061.7
32098	4023.9	3984.9	4063.0	3808.3	3290.4	4061.7
32260	4032.1	3994.5	4072.1	3822.3	3325.0	4065.0
32422	4040.3	4001.4	4081.1	3833.9	3344.9	4068.5
32584	4048.5	4010.9	4090.0	3845.2	3346.0	4079.1
32746	4057.4	4020.0	4097.5	3856.2	3346.0	4089.5
32908	4065.8	4030.5	4106.1	3872.9	3372.5	4105.6
33070	4074.1	4040.0	4114.0	3882.4	3385.8	4113.5
33232	4082.4	4048.0	4117.1	3900.5	3396.8	4120.1
33395	4090.6	4058.0	4128.6	3917.1	3408.2	4121.5
33557	4098.6	4065.0	4134.5	3924.4	3408.2	4134.6
33719	4106.8	4073.5	4141.0	3933.9	3408.2	4139.5
33881	4114.7	4084.0	4150.0	3943.2	3408.2	4148.5
34043	4122.8	4092.0	4156.5	3961.2	3436.4	4158.5
34205	4130.5	4099.5	4163.1	3968.0	3436.4	4168.6
34367	4138.7	4107.9	4171.5	3980.1	3489.2	4192.1
34529	4146.6	4117.5	4177.5	3994.3	3527.0	4194.5
34691	4154.4	4127.0	4185.5	4003.8	3527.0	4199.0
34853	4162.2	4136.0	4191.5	4011.4	3527.0	4204.5
35016	4170.2	4142.5	4200.5	4021.4	3527.0	4206.6
35178	4178.2	4148.0	4206.5	4031.0	3527.0	4212.1
35340	4185.8	4156.5	4214.0	4043.6	3528.9	4217.0
35502	4193.3	4164.9	4220.1	4050.5	3528.9	4221.5
35664	4201.2	4174.0	4226.5	4063.4	3531.5	4229.0
35826	4209.2	4182.9	4234.5	4077.0	3564.6	4239.5
35988	4217.1	4192.0	4241.5	4087.0	3577.3	4257.5
36150	4224.7	4199.5	4248.0	4105.2	3597.5	4261.6
36312	4232.3	4210.5	4255.5	4120.1	3605.8	4271.1
36475	4239.8	4217.0	4261.5	4130.5	3610.9	4271.6
36637	4247.2	4225.5	4268.5	4141.9	3610.9	4275.0
36799	4254.9	4232.0	4276.0	4154.3	3610.9	4284.1
36961	4262.3	4240.0	4282.0	4162.0	3610.9	4290.5
37123	4270.0	4248.5	4290.0	4174.5	3610.9	4303.6
37285	4277.5	4258.9	4294.0	4188.2	3622.4	4310.1
37447	4284.8	4267.5	4301.0	4200.4	3633.5	4313.0
37609	4292.4	4277.0	4308.5	4219.3	3680.1	4318.5
37771	4299.7	4284.0	4315.0	4234.5	3695.4	4327.1
37933	4307.4	4292.0	4321.0	4250.1	3705.0	4330.5
38096	4314.8	4301.0	4327.5	4261.5	3897.4	4335.5
38258	4322.3	4311.0	4333.5	4277.3	4131.9	4342.0
38420	4329.8	4320.0	4338.5	4290.9	4135.5	4343.0
38582	4337.4	4330.0	4343.5	4306.4	4147.5	4344.0
38744	4345.0	4345.0	4345.0	4345.0	4345.0	4345.0
