habitat	n_genomes	n_clusters	expected_clusters	expected_clusters_ci_lo	expected_clusters_ci_hi	richness_ratio	richness_residual	richness_p	n_singleton_clusters	n_rare_clusters	rare_fraction	expected_rare_fraction	expected_rare_fraction_ci_lo	expected_rare_fraction_ci_hi	rare_enrichment	rare_p
Seawater	25937	2210	3680.766666666667	3631.95	3730.05	0.6004183910960579	-1470.7666666666669	0.0	552	686	0.5601809954751131	0.6634300225013079	0.6588609166729018	0.667917976833697	-0.24405126071687747	0.0
Marine Porifera tissue	2676	233	1219.2533333333333	1164.0	1276.525	0.19110056427977778	-986.2533333333333	0.0	36	57	0.39914163090128757	0.3095517187911244	0.2821227140482128	0.3348182144025932	0.3667202914493218	0.0
Marine sediment	1873	835	990.9033333333333	939.475	1041.525	0.8426654466799655	-155.9033333333333	0.0	275	236	0.6119760479041916	0.26974204607956104	0.24001376436689267	0.29618914956011727	1.1818947690681818	0.0
Marine biofilm	1049	452	693.47	649.475	732.525	0.6517945981801664	-241.47000000000003	0.0	72	110	0.4026548672566372	0.21922543119288151	0.18547385620915033	0.2513934368986281	0.8771286051767376	0.0
Brackish sea water	712	155	536.7333333333333	496.475	570.525	0.2887840019873308	-381.73333333333335	0.0	29	30	0.38064516129032255	0.19298468669219207	0.15508685874454078	0.22499114605468196	0.9799603645890023	0.0
Marine Hydrozoa tissue	443	185	387.0733333333333	356.475	418.525	0.4779456089285407	-202.07333333333332	0.0	40	48	0.4756756756756757	0.16794283265303406	0.12183786763673138	0.2183807622456065	1.5020080264539113	0.0
Marine algae thallus	257	70	261.4533333333333	233.0	290.525	0.26773420368198275	-191.45333333333332	0.0	10	26	0.5142857142857142	0.14688457912836936	0.090364110707804	0.20914179104477595	1.8078871387855084	0.0
Coral tissue	238	201	245.45333333333335	221.475	272.0	0.8188929328046064	-44.45333333333335	0.0	50	51	0.5024875621890548	0.14037179996828622	0.0897134069219271	0.1950480389576204	1.8398347523295007	0.0
Animal bone biofilm	238	79	245.67	218.95	271.0	0.3215695852159401	-166.67	0.0	11	9	0.25316455696202533	0.14098926092360634	0.09320226232157286	0.19489604743083	0.8444901640962248	0.0
Sea ice	215	107	226.48333333333332	202.0	257.0	0.4724409448818898	-119.48333333333332	0.0	9	17	0.24299065420560748	0.1386363444425358	0.09335518690234715	0.19791644505903624	0.8095953074389405	0.0
Estuarine sediment	199	150	214.04	192.95	238.52499999999998	0.7008035881143712	-64.03999999999999	0.0	28	42	0.4666666666666667	0.13560431854607147	0.08980188679245282	0.19652222655488394	1.7829892970967618	0.0
Estuarine water	162	39	181.94333333333333	158.0	203.52499999999998	0.21435245406078815	-142.94333333333333	0.0	5	5	0.2564102564102564	0.13094811603600695	0.07409538480125649	0.19146900538170217	0.9694586672763676	0.0
Hydrothermal vent fluid/plume	128	115	151.98	135.0	172.52499999999998	0.7566785103303066	-36.97999999999999	0.0	24	33	0.4956521739130435	0.12646186209795265	0.0640168795620438	0.1961993243243243	1.9706256902465582	0.0
Cold seep sediment	114	58	139.30333333333334	123.0	157.52499999999998	0.41635758895455954	-81.30333333333334	0.0	9	17	0.4482758620689655	0.1253908301786181	0.0632313681868743	0.19365151515151513	1.8379549700763127	0.0
Hydrothermal vent sediment	110	92	133.55	113.0	152.0	0.6888805690752526	-41.55000000000001	0.0	24	33	0.6195652173913043	0.12102774638228388	0.05753623188405797	0.18797554347826084	2.355918320542692	0.0
