rank	phylum	n_single_phylum_clusters	hex
1	Pseudomonadota	3510	#7A429E
2	Myxococcota	213	#33B85D
3	Desulfobacterota	134	#B8504D
4	Actinomycetota	113	#2C4B9E
5	Bacillota	38	#89B84D
6	Chloroflexota	37	#B833A4
7	Halobacteriota	37	#429E91
8	Planctomycetota	30	#B87E33
9	Thermoproteota	22	#6A4DB8
10	Bacteroidota	18	#2E9E2C
11	Acidobacteriota	9	#B84D6E
12	Cyanobacteriota	9	#3383B8
13	SAR324	9	#949E42
14	Bdellovibrionota	7	#9F33B8
15	Muiribacteriota	7	#4DB885
16	Thermoplasmatota	6	#9E472C
17	Desulfobacterota_B	5	#4D54B8
18	Verrucomicrobiota	5	#62B833
19	Desulfobacterota_D	4	#9E427D
20	Desulfobacterota_I	3	#33AFB8
21	Myxococcota_A	3	#B89F4D
22	Nitrospirota	3	#632C9E
23	Vulcanimicrobiota	3	#4DB861
24	Campylobacterota	2	#B83341
25	DYJV01	2	#42679E
26	Elusimicrobiota	2	#8EB833
27	Margulisbacteria	2	#B84DB5
28	Methylomirabilota	2	#2C9E7F
29	Deinococcota	1	#B87C4D
30	Desulfobacterota_C	1	#4733B8
31	GCA-2686955	1	#509E42
32	JAGRBM01	1	#B8336D
33	JALSQH01	1	#4D9BB8
34	Latescibacterota	1	#9E9C2C
35	Marinisomatota	1	#964DB8
36	Nanobdellota	1	#33B868
37	Tectomicrobia	1	#9E4C42
38	Unknown Bacteria	1	#334CB8
