genome	gtdb_genus	gtdb_species	ecological_subclade	omdb_completeness_pct	omdb_contamination_pct	checkm_completeness_pct	anvio_completion_pct	n_phac_targets	n_triad_complete	has_rbcL	has_rbcS	has_prk	cbb_markers	has_cbb_rbcLS_prk	has_sqr	has_fccA	has_fccB	has_fccAB	has_soxX	has_soxA	has_soxB	has_soxY	has_soxZ	has_soxC	has_soxD	sox_markers	n_sox_markers	has_core_soxXABYZ	has_sox_module_with_cd	kegg_download_status	kegg_file	genome_metadata_status
HAWL17-1_SAMN05224429_MAG_00000080	Pseudothioglobus	Pseudothioglobus sp002711905	Pseudothioglobus mixotrophic-to-heterotrophic	86.92	1.69	86.92	71.83	1	1	yes	yes	yes	rbcL,rbcS,prk	yes	no	no	no	no	no	no	no	no	no	no	no		0	no	no	cached	data/omdb_kegg/thioglobus_sup05/HAWL17-1_SAMN05224429_MAG_00000080.kegg.apr22.tsv.gz	downloaded
HAWL17-1_SAMN05224434_MAG_00000089	Pseudothioglobus	Pseudothioglobus sp002711905	Pseudothioglobus mixotrophic-to-heterotrophic	87.16	0.66	87.16	63.38	1	1	yes	yes	yes	rbcL,rbcS,prk	yes	no	no	no	no	no	no	no	no	no	no	no		0	no	no	cached	data/omdb_kegg/thioglobus_sup05/HAWL17-1_SAMN05224434_MAG_00000089.kegg.apr22.tsv.gz	downloaded
HAWL17-1_SAMN05224435_MAG_00000049	Pseudothioglobus	Pseudothioglobus sp002711905	Pseudothioglobus mixotrophic-to-heterotrophic	85.46	0.33	85.46	49.30	1	1	yes	yes	yes	rbcL,rbcS,prk	yes	no	no	no	no	no	no	no	no	no	no	no		0	no	no	cached	data/omdb_kegg/thioglobus_sup05/HAWL17-1_SAMN05224435_MAG_00000049.kegg.apr22.tsv.gz	downloaded
HAWL17-1_SAMN05224441_MAG_00000128	Pseudothioglobus	Pseudothioglobus sp002711905	Pseudothioglobus mixotrophic-to-heterotrophic	82.20	0.00	82.20	71.83	1	1	yes	no	no	rbcL	no	no	no	no	no	no	no	no	no	no	no	no		0	no	no	cached	data/omdb_kegg/thioglobus_sup05/HAWL17-1_SAMN05224441_MAG_00000128.kegg.apr22.tsv.gz	downloaded
HAWL17-1_SAMN05224479_MAG_00000091	Pseudothioglobus	Pseudothioglobus sp002711905	Pseudothioglobus mixotrophic-to-heterotrophic	86.85	0.00	86.85	77.46	1	1	yes	yes	yes	rbcL,rbcS,prk	yes	no	no	no	no	no	no	no	no	no	no	no		0	no	no	cached	data/omdb_kegg/thioglobus_sup05/HAWL17-1_SAMN05224479_MAG_00000091.kegg.apr22.tsv.gz	downloaded
HAWL17-1_SAMN05224480_MAG_00000010	Pseudothioglobus	Pseudothioglobus sp002711905	Pseudothioglobus mixotrophic-to-heterotrophic	87.75	1.66	87.75	64.79	1	1	yes	yes	yes	rbcL,rbcS,prk	yes	no	no	no	no	no	no	no	no	no	no	no		0	no	no	cached	data/omdb_kegg/thioglobus_sup05/HAWL17-1_SAMN05224480_MAG_00000010.kegg.apr22.tsv.gz	downloaded
HAWL17-1_SAMN05224482_MAG_00000124	Pseudothioglobus	Pseudothioglobus sp002711905	Pseudothioglobus mixotrophic-to-heterotrophic	83.03	0.71	83.03	77.46	1	1	yes	no	yes	rbcL,prk	no	no	no	no	no	no	no	no	no	no	no	no		0	no	no	cached	data/omdb_kegg/thioglobus_sup05/HAWL17-1_SAMN05224482_MAG_00000124.kegg.apr22.tsv.gz	downloaded
HAWL17-1_SAMN05224497_MAG_00000077	Pseudothioglobus	Pseudothioglobus sp002711905	Pseudothioglobus mixotrophic-to-heterotrophic	84.01	1.36	84.01	53.52	1	1	yes	no	yes	rbcL,prk	no	no	no	no	no	no	no	no	no	no	no	no		0	no	no	cached	data/omdb_kegg/thioglobus_sup05/HAWL17-1_SAMN05224497_MAG_00000077.kegg.apr22.tsv.gz	downloaded
HAWL17-1_SAMN05224508_MAG_00000022	Pseudothioglobus	Pseudothioglobus sp002711905	Pseudothioglobus mixotrophic-to-heterotrophic	62.08	3.15	62.08	43.66	1	1	no	no	no		no	no	no	no	no	no	no	no	no	no	no	no		0	no	no	cached	data/omdb_kegg/thioglobus_sup05/HAWL17-1_SAMN05224508_MAG_00000022.kegg.apr22.tsv.gz	downloaded
HAWL17-1_SAMN05224528_MAG_00000065	Pseudothioglobus	Pseudothioglobus sp002711905	Pseudothioglobus mixotrophic-to-heterotrophic	84.34	0.66	84.34	71.83	1	1	yes	yes	no	rbcL,rbcS	no	no	no	no	no	no	no	no	no	no	no	no		0	no	no	cached	data/omdb_kegg/thioglobus_sup05/HAWL17-1_SAMN05224528_MAG_00000065.kegg.apr22.tsv.gz	downloaded
HAWL17-1_SAMN05224531_MAG_00000028	Pseudothioglobus	Pseudothioglobus sp002711905	Pseudothioglobus mixotrophic-to-heterotrophic	82.79	0.04	82.79	50.70	1	1	yes	yes	no	rbcL,rbcS	no	no	no	no	no	no	no	no	no	no	no	no		0	no	no	cached	data/omdb_kegg/thioglobus_sup05/HAWL17-1_SAMN05224531_MAG_00000028.kegg.apr22.tsv.gz	downloaded
HAWL17-1_SAMN05224429_MAG_00000115	Pseudothioglobus	Pseudothioglobus sp029247465	Pseudothioglobus mixotrophic-to-heterotrophic	90.14	0.00	79.70	90.14	1	1	yes	no	yes	rbcL,prk	no	no	no	no	no	no	no	no	no	no	no	no		0	no	no	cached	data/omdb_kegg/thioglobus_sup05/HAWL17-1_SAMN05224429_MAG_00000115.kegg.apr22.tsv.gz	downloaded
HAWL17-1_SAMN05224434_MAG_00000057	Pseudothioglobus	Pseudothioglobus sp029247465	Pseudothioglobus mixotrophic-to-heterotrophic	79.74	0.00	79.74	84.51	1	1	yes	no	no	rbcL	no	no	no	no	no	no	no	no	no	no	no	no		0	no	no	cached	data/omdb_kegg/thioglobus_sup05/HAWL17-1_SAMN05224434_MAG_00000057.kegg.apr22.tsv.gz	downloaded
HAWL17-1_SAMN05224441_MAG_00000013	Pseudothioglobus	Pseudothioglobus sp029247465	Pseudothioglobus mixotrophic-to-heterotrophic	80.70	0.00	80.70	83.10	1	1	yes	no	yes	rbcL,prk	no	no	no	no	no	no	no	no	no	no	no	no		0	no	no	cached	data/omdb_kegg/thioglobus_sup05/HAWL17-1_SAMN05224441_MAG_00000013.kegg.apr22.tsv.gz	downloaded
HAWL17-1_SAMN05224479_MAG_00000045	Pseudothioglobus	Pseudothioglobus sp029247465	Pseudothioglobus mixotrophic-to-heterotrophic	91.55	1.41	88.42	91.55	1	1	yes	no	yes	rbcL,prk	no	no	no	no	no	no	no	no	no	no	no	no		0	no	no	cached	data/omdb_kegg/thioglobus_sup05/HAWL17-1_SAMN05224479_MAG_00000045.kegg.apr22.tsv.gz	downloaded
HAWL17-1_SAMN05224480_MAG_00000096	Pseudothioglobus	Pseudothioglobus sp029247465	Pseudothioglobus mixotrophic-to-heterotrophic	79.14	0.13	79.14	85.92	1	1	yes	no	yes	rbcL,prk	no	no	no	no	no	no	no	no	no	no	no	no		0	no	no	cached	data/omdb_kegg/thioglobus_sup05/HAWL17-1_SAMN05224480_MAG_00000096.kegg.apr22.tsv.gz	downloaded
HAWL17-1_SAMN05224482_MAG_00000086	Pseudothioglobus	Pseudothioglobus sp029247465	Pseudothioglobus mixotrophic-to-heterotrophic	80.93	0.00	80.93	78.87	1	1	yes	no	no	rbcL	no	no	no	no	no	no	no	no	no	no	no	no		0	no	no	cached	data/omdb_kegg/thioglobus_sup05/HAWL17-1_SAMN05224482_MAG_00000086.kegg.apr22.tsv.gz	downloaded
HAWL17-1_SAMN05224486_MAG_00000069	Pseudothioglobus	Pseudothioglobus sp029247465	Pseudothioglobus mixotrophic-to-heterotrophic	84.89	0.57	84.89	85.92	1	1	yes	no	no	rbcL	no	no	no	no	no	no	no	no	no	no	no	no		0	no	no	cached	data/omdb_kegg/thioglobus_sup05/HAWL17-1_SAMN05224486_MAG_00000069.kegg.apr22.tsv.gz	downloaded
HAWL17-1_SAMN05224497_MAG_00000127	Pseudothioglobus	Pseudothioglobus sp029247465	Pseudothioglobus mixotrophic-to-heterotrophic	66.79	3.30	66.79	78.87	1	0	yes	no	no	rbcL	no	no	no	no	no	no	no	no	no	no	no	no		0	no	no	cached	data/omdb_kegg/thioglobus_sup05/HAWL17-1_SAMN05224497_MAG_00000127.kegg.apr22.tsv.gz	downloaded
HAWL17-1_SAMN05224518_MAG_00000008	Pseudothioglobus	Pseudothioglobus sp029247465	Pseudothioglobus mixotrophic-to-heterotrophic	77.43	0.60	77.43	81.69	1	1	yes	no	yes	rbcL,prk	no	no	no	no	no	no	no	no	no	no	no	no		0	no	no	cached	data/omdb_kegg/thioglobus_sup05/HAWL17-1_SAMN05224518_MAG_00000008.kegg.apr22.tsv.gz	downloaded
HAWL17-1_SAMN05224525_MAG_00000041	Pseudothioglobus	Pseudothioglobus sp029247465	Pseudothioglobus mixotrophic-to-heterotrophic	84.66	3.08	84.66	84.51	1	1	yes	no	yes	rbcL,prk	no	no	no	no	no	no	no	no	no	no	no	no		0	no	no	cached	data/omdb_kegg/thioglobus_sup05/HAWL17-1_SAMN05224525_MAG_00000041.kegg.apr22.tsv.gz	downloaded
HAWL17-1_SAMN05224528_MAG_00000070	Pseudothioglobus	Pseudothioglobus sp029247465	Pseudothioglobus mixotrophic-to-heterotrophic	84.37	0.00	84.37	85.92	1	1	yes	no	yes	rbcL,prk	no	no	no	no	no	no	no	no	no	no	no	no		0	no	no	cached	data/omdb_kegg/thioglobus_sup05/HAWL17-1_SAMN05224528_MAG_00000070.kegg.apr22.tsv.gz	downloaded
HAWL17-1_SAMN05224531_MAG_00000089	Pseudothioglobus	Pseudothioglobus sp029247465	Pseudothioglobus mixotrophic-to-heterotrophic	72.13	0.04	72.13	71.83	1	1	yes	no	yes	rbcL,prk	no	no	no	no	no	no	no	no	no	no	no	no		0	no	no	cached	data/omdb_kegg/thioglobus_sup05/HAWL17-1_SAMN05224531_MAG_00000089.kegg.apr22.tsv.gz	downloaded
HAWL17-1_SAMN08283974_MAG_00000014	Pseudothioglobus	Pseudothioglobus sp029247465	Pseudothioglobus mixotrophic-to-heterotrophic	85.35	6.56	85.35	91.55	1	1	yes	no	no	rbcL	no	no	no	no	no	no	no	no	no	no	no	no		0	no	no	cached	data/omdb_kegg/thioglobus_sup05/HAWL17-1_SAMN08283974_MAG_00000014.kegg.apr22.tsv.gz	downloaded
BERT20-1_SAMN14917678_MAG_00000037	Pseudothioglobus	Pseudothioglobus sp902513495	Pseudothioglobus mixotrophic-to-heterotrophic	93.64	1.49	93.64	88.73	1	1	yes	no	yes	rbcL,prk	no	no	no	no	no	no	no	no	no	no	no	no		0	no	no	cached	data/omdb_kegg/thioglobus_sup05/BERT20-1_SAMN14917678_MAG_00000037.kegg.apr22.tsv.gz	downloaded
BERT20-1_SAMN15782436_MAG_00000128	Pseudothioglobus	Pseudothioglobus sp902513495	Pseudothioglobus mixotrophic-to-heterotrophic	90.89	0.00	90.89	87.32	1	1	yes	no	yes	rbcL,prk	no	no	no	no	no	no	no	no	no	no	no	no		0	no	no	cached	data/omdb_kegg/thioglobus_sup05/BERT20-1_SAMN15782436_MAG_00000128.kegg.apr22.tsv.gz	downloaded
BERT20-1_SAMN15792905_MAG_00000069	Pseudothioglobus	Pseudothioglobus sp902513495	Pseudothioglobus mixotrophic-to-heterotrophic	91.43	0.00	91.43	88.73	1	1	yes	no	yes	rbcL,prk	no	no	no	no	no	no	no	no	no	no	no	no		0	no	no	cached	data/omdb_kegg/thioglobus_sup05/BERT20-1_SAMN15792905_MAG_00000069.kegg.apr22.tsv.gz	downloaded
FUCH22-1_SAMN18055973_MAG_00000074	Pseudothioglobus	Pseudothioglobus sp902513495	Pseudothioglobus mixotrophic-to-heterotrophic	85.92	1.41	84.46	85.92	1	1	yes	no	yes	rbcL,prk	no	no	no	no	no	no	no	no	no	no	no	no		0	no	no	cached	data/omdb_kegg/thioglobus_sup05/FUCH22-1_SAMN18055973_MAG_00000074.kegg.apr22.tsv.gz	downloaded
FUCH22-1_SAMN21575211_MAG_00000032	Pseudothioglobus	Pseudothioglobus sp902513495	Pseudothioglobus mixotrophic-to-heterotrophic	52.08	0.13	52.08	63.38	1	1	yes	no	yes	rbcL,prk	no	no	no	no	no	no	no	no	no	no	no	no		0	no	no	cached	data/omdb_kegg/thioglobus_sup05/FUCH22-1_SAMN21575211_MAG_00000032.kegg.apr22.tsv.gz	downloaded
FUCH22-1_SAMN21575212_MAG_00000120	Pseudothioglobus	Pseudothioglobus sp902513495	Pseudothioglobus mixotrophic-to-heterotrophic	88.44	0.00	88.44	76.06	1	1	no	no	yes	prk	no	no	no	no	no	no	no	no	no	no	no	no		0	no	no	cached	data/omdb_kegg/thioglobus_sup05/FUCH22-1_SAMN21575212_MAG_00000120.kegg.apr22.tsv.gz	downloaded
RSGB23-1_GCA-902514405-V1_GENO_10000001	Pseudothioglobus	Pseudothioglobus sp902513495	Pseudothioglobus mixotrophic-to-heterotrophic	63.29	0.00	63.29	39.44	1	1	yes	no	no	rbcL	no	no	no	no	no	no	no	no	no	no	no	no		0	no	no	cached	data/omdb_kegg/thioglobus_sup05/RSGB23-1_GCA-902514405-V1_GENO_10000001.kegg.apr22.tsv.gz	downloaded
TARA_SAMEA2622149_MAG_00000093	Pseudothioglobus	Pseudothioglobus sp902513495	Pseudothioglobus mixotrophic-to-heterotrophic	88.73	0.00	85.32	88.73	1	1	yes	no	yes	rbcL,prk	no	no	no	no	no	no	no	no	no	no	no	no		0	no	no	cached	data/omdb_kegg/thioglobus_sup05/TARA_SAMEA2622149_MAG_00000093.kegg.apr22.tsv.gz	downloaded
TARA_SAMEA2623397_MAG_00000035	Pseudothioglobus	Pseudothioglobus sp913047325	Pseudothioglobus mixotrophic-to-heterotrophic	64.79	2.82	55.03	64.79	2	1	no	no	no		no	no	no	no	no	no	no	no	no	no	no	no		0	no	no	cached	data/omdb_kegg/thioglobus_sup05/TARA_SAMEA2623397_MAG_00000035.kegg.apr22.tsv.gz	downloaded
BEMA21-1_SAMN15000292_MAG_00000005	Pseudothioglobus	Unknown Pseudothioglobus	Pseudothioglobus mixotrophic-to-heterotrophic	50.70	0.00	47.70	50.70	1	1	no	no	no		no	no	no	no	no	no	no	no	no	no	no	no		0	no	no	cached	data/omdb_kegg/thioglobus_sup05/BEMA21-1_SAMN15000292_MAG_00000005.kegg.apr22.tsv.gz	downloaded
FUCH22-1_SAMN21575215_MAG_00000144	Pseudothioglobus	Unknown Pseudothioglobus	Pseudothioglobus mixotrophic-to-heterotrophic	52.12	5.30	52.12	64.79	1	1	no	no	no		no	no	no	no	no	no	no	no	no	no	no	no		0	no	no	cached	data/omdb_kegg/thioglobus_sup05/FUCH22-1_SAMN21575215_MAG_00000144.kegg.apr22.tsv.gz	downloaded
FUCH22-1_SAMN21575219_MAG_00000015	Pseudothioglobus	Unknown Pseudothioglobus	Pseudothioglobus mixotrophic-to-heterotrophic	64.79	1.41	64.83	64.79	1	1	no	no	no		no	no	no	no	no	no	no	no	no	no	no	no		0	no	no	cached	data/omdb_kegg/thioglobus_sup05/FUCH22-1_SAMN21575219_MAG_00000015.kegg.apr22.tsv.gz	downloaded
FUCH22-1_SAMN21575221_MAG_00000085	Pseudothioglobus	Unknown Pseudothioglobus	Pseudothioglobus mixotrophic-to-heterotrophic	70.42	2.82	54.63	70.42	1	0	no	no	yes	prk	no	no	no	no	no	no	no	no	no	no	no	no		0	no	no	cached	data/omdb_kegg/thioglobus_sup05/FUCH22-1_SAMN21575221_MAG_00000085.kegg.apr22.tsv.gz	downloaded
FUCH22-1_SAMN21575222_MAG_00000101	Pseudothioglobus	Unknown Pseudothioglobus	Pseudothioglobus mixotrophic-to-heterotrophic	67.61	1.41	65.03	67.61	1	0	no	no	no		no	no	no	no	no	no	no	no	no	no	no	no		0	no	no	cached	data/omdb_kegg/thioglobus_sup05/FUCH22-1_SAMN21575222_MAG_00000101.kegg.apr22.tsv.gz	downloaded
GLAS15-1_SAMN02905564_MAG_00000008	Pseudothioglobus	Unknown Pseudothioglobus	Pseudothioglobus mixotrophic-to-heterotrophic	54.93	8.45	59.22	54.93	1	1	yes	no	no	rbcL	no	no	no	no	no	no	no	no	no	no	no	no		0	no	no	cached	data/omdb_kegg/thioglobus_sup05/GLAS15-1_SAMN02905564_MAG_00000008.kegg.apr22.tsv.gz	downloaded
RSGB23-1_GCA-902514415-V1_GENO_10000001	Pseudothioglobus	Unknown Pseudothioglobus	Pseudothioglobus mixotrophic-to-heterotrophic	63.31	0.66	63.31	39.44	2	0	no	no	yes	prk	no	no	no	no	no	no	no	no	no	no	no	no		0	no	no	cached	data/omdb_kegg/thioglobus_sup05/RSGB23-1_GCA-902514415-V1_GENO_10000001.kegg.apr22.tsv.gz	downloaded
TAOJ22-1_SAMN27365861_MAG_00000238	Thioglobus_A	Thioglobus_A sp028228555	Thioglobus_A chemoautotrophic	91.68	9.35	91.68	69.01	1	1	yes	no	yes	rbcL,prk	no	yes	no	no	no	no	yes	yes	yes	yes	no	no	soxA,soxB,soxY,soxZ	4	no	no	cached	data/omdb_kegg/thioglobus_sup05/TAOJ22-1_SAMN27365861_MAG_00000238.kegg.apr22.tsv.gz	downloaded
FUCH22-1_SAMN18055981_MAG_00000029	Thioglobus_B	Thioglobus_B perditus	Thioglobus_B / Thioglobus sensu stricto mixotrophic	92.96	0.00	76.77	92.96	1	1	no	no	no		no	yes	no	no	no	yes	yes	no	yes	yes	no	no	soxA,soxX,soxY,soxZ	4	no	no	cached	data/omdb_kegg/thioglobus_sup05/FUCH22-1_SAMN18055981_MAG_00000029.kegg.apr22.tsv.gz	downloaded
FUCH22-1_SAMN18055982_MAG_00000004	Thioglobus_B	Unknown Thioglobus_B	Thioglobus_B / Thioglobus sensu stricto mixotrophic	100.00	0.00	97.97	100.00	1	1	no	no	no		no	yes	no	no	no	yes	yes	no	yes	yes	no	no	soxA,soxX,soxY,soxZ	4	no	no	cached	data/omdb_kegg/thioglobus_sup05/FUCH22-1_SAMN18055982_MAG_00000004.kegg.apr22.tsv.gz	downloaded
FUCH22-1_SAMN18055983_MAG_00000059	Thioglobus_B	Unknown Thioglobus_B	Thioglobus_B / Thioglobus sensu stricto mixotrophic	94.37	0.00	96.96	94.37	1	1	no	no	no		no	yes	no	no	no	yes	yes	no	yes	yes	no	no	soxA,soxX,soxY,soxZ	4	no	no	cached	data/omdb_kegg/thioglobus_sup05/FUCH22-1_SAMN18055983_MAG_00000059.kegg.apr22.tsv.gz	downloaded
FUCH22-1_SAMN21575215_MAG_00000048	Thioglobus_B	Unknown Thioglobus_B	Thioglobus_B / Thioglobus sensu stricto mixotrophic	95.77	0.00	97.35	95.77	1	1	no	no	no		no	yes	no	no	no	yes	yes	no	no	no	no	no	soxA,soxX	2	no	no	cached	data/omdb_kegg/thioglobus_sup05/FUCH22-1_SAMN21575215_MAG_00000048.kegg.apr22.tsv.gz	downloaded
